Workbook

Sheet Start Here
A1: TechSentinals CRM — Start Here
A2: A simple daily workflow for services and products. Enter data only in the two yellow input sheets; the other tabs update automatically.
A4: Daily workflow
A5: 1 | B5: Add every new opportunity in Master Leads.
A6: 2 | B6: Use Contact Log when you want a dated history of calls, WhatsApp, email, meetings, demos, proposals, or visits.
A7: 3 | B7: Update Last Contact, Next Follow-Up, Next Action, Follow-Up Round, Priority, and Sales Stage after each interaction.
A8: 4 | B8: Set Market to India or Foreign. Enter Deal Value as an INR equivalent so pipeline totals remain comparable.
A9: 5 | B9: When won, set Sales Stage to Converted and enter Conversion/Close Date. For non-wins, use Closed or Lost and record the reason.
A10: 6 | B10: Use Follow Ups every day for due and overdue work. Use department/product tabs as read-only views.
A11: 7 | B11: Dashboard and analytics tabs are formula-driven. Avoid typing in gray formula areas.
A12: 8 | B12: Replace Owner 1 / Owner 2 / Owner 3 with team names in the dropdown settings when ready.
A14: Definitions that keep the analytics clean
A15: Field | B15: Use it for | C15: Examples
A16: Priority | B16: How urgently the lead deserves attention | C16: Hot / Medium / Cold
A17: Follow-Up Round | B17: Where the contact sequence currently stands | C17: 1st / 2nd / 3rd Follow-Up
A18: Sales Stage | B18: Where the commercial opportunity stands | C18: Qualified / Proposal Sent / Negotiation
A19: Converted | B19: Won and became a customer | C19: Enter the conversion date
A20: Closed / Lost | B20: No active opportunity; not a conversion | C20: Add the reason for learning

Sheet Master Leads
A1: Master Leads — Main Data Entry
A2: One row per lead. Yellow/white cells are for entry; gray columns are calculated automatically. Keep all leads here so every view and dashboard stays synchronized.
A3: Required for useful reporting: Lead ID, Date Added, Company/Person, Market, Business Side, Department/Product, Lead Source, Priority, Sales Stage, and Assigned To.
A5: Lead ID | B5: Date Added | C5: Company / Person | D5: Contact Person | E5: Phone / WhatsApp | F5: Email | G5: City | H5: Country | I5: Market | J5: Business Side | K5: Department / Product | L5: Category | M5: Requirement / Interested In | N5: Lead Source | O5: Assigned To | P5: Priority | Q5: Sales Stage | R5: Follow-Up Round | S5: Last Contact Date | T5: Next Follow-Up Date | U5: Follow-Up Status | V5: Next Action | W5: Meeting / Demo Date | X5: Proposal Date | Y5: Deal Value (INR) | Z5: Probability | AA5: Weighted Pipeline | AB5: Conversion / Close Date | AC5: Lost / Closed Reason | AD5: Notes | AE5: Lead Month | AF5: Conversion Month | AG5: Open? | AH5: Converted? | AI5: Follow-Up Due?
A6: 1 | B6: 46264 | C6: Inventa | D6: Darshit | E6: 7285043792 | F6: inventasys@gmail.com | G6: Ahmedabad | H6: India | I6: India | J6: Service | K6: Healthcare | L6: Pharma | N6: Event/Expo | O6: Aastha | P6: Medium | Q6: Converted | R6: Follow-Up Complete | S6: 46254 | U6: =IF($A6="","",IF(OR($Q6="Converted",$Q6="Closed",$Q6="Lost"),"Completed",IF($T6="","Not Scheduled",IF($T6<TODAY(),"Overdue",IF($T6=TODAY(),"Due Today","Upcoming"))))) -> Completed | Z6: 0.1 | AA6: =IF($A6="","",IFERROR($Y6*$Z6,0)) -> 0 | AB6: 46235 | AE6: =IF($B6="","",DATE(YEAR($B6),MONTH($B6),1)) -> 46235 | AF6: =IF($AB6="","",DATE(YEAR($AB6),MONTH($AB6),1)) -> 46235 | AG6: =IF($A6="","",IF(OR($Q6="Converted",$Q6="Closed",$Q6="Lost"),"No","Yes")) -> No | AH6: =IF($A6="","",IF($Q6="Converted","Yes","No")) -> Yes | AI6: =IF($A6="","",IF(OR($U6="Overdue",$U6="Due Today"),"Yes","No")) -> No
A7: 2 | B7: 46264 | C7: Rototech | D7: Jignesh Patel | E7: 9998447948 | F7: patel.jignesh1985@gmail.com | G7: Ahmedabad | H7: India | I7: India | J7: Service | K7: Manufacturing | L7: Manufacturing | N7: Existing Client | O7: Aastha | P7: Hot | Q7: Converted | R7: Follow-Up Complete | S7: 46259 | U7: =IF($A7="","",IF(OR($Q7="Converted",$Q7="Closed",$Q7="Lost"),"Completed",IF($T7="","Not Scheduled",IF($T7<TODAY(),"Overdue",IF($T7=TODAY(),"Due Today","Upcoming"))))) -> Completed | AA7: =IF($A7="","",IFERROR($Y7*$Z7,0)) -> 0 | AE7: =IF($B7="","",DATE(YEAR($B7),MONTH($B7),1)) -> 46235 | AF7: 46235 | AG7: =IF($A7="","",IF(OR($Q7="Converted",$Q7="Closed",$Q7="Lost"),"No","Yes")) -> No | AH7: =IF($A7="","",IF($Q7="Converted","Yes","No")) -> Yes | AI7: =IF($A7="","",IF(OR($U7="Overdue",$U7="Due Today"),"Yes","No")) -> No
A8: 3 | B8: 46264 | C8: Meteoric Pharma | D8: Mithun Acharya | E8: 9227996623 | F8: mithun.it@meteoricbiopharma.com | G8: Ahmedabad | H8: India | I8: India | J8: Service | K8: Healthcare | L8: Pharma | N8: Cold Outreach | O8: Aastha | P8: Hot | Q8: Proposal Sent | R8: Initial Contact | S8: 46272 | U8: =IF($A8="","",IF(OR($Q8="Converted",$Q8="Closed",$Q8="Lost"),"Completed",IF($T8="","Not Scheduled",IF($T8<TODAY(),"Overdue",IF($T8=TODAY(),"Due Today","Upcoming"))))) -> Not Scheduled | AA8: =IF($A8="","",IFERROR($Y8*$Z8,0)) -> 0 | AE8: =IF($B8="","",DATE(YEAR($B8),MONTH($B8),1)) -> 46235 | AF8: =IF($AB8="","",DATE(YEAR($AB8),MONTH($AB8),1)) | AG8: =IF($A8="","",IF(OR($Q8="Converted",$Q8="Closed",$Q8="Lost"),"No","Yes")) -> Yes | AH8: =IF($A8="","",IF($Q8="Converted","Yes","No")) -> No | AI8: =IF($A8="","",IF(OR($U8="Overdue",$U8="Due Today"),"Yes","No")) -> No
A9: 4 | B9: 46264 | C9: Vishalwin | D9: Mayuri | E9: 9510779939 | F9: puunam@vishalwinfoundation.org/ puunam@vishalwinfoundation.org | G9: Ahmedabad | H9: India | I9: India | J9: Service | K9: NGO & Foundation | L9: NGO | N9: Cold Outreach | O9: Aastha | P9: Hot | Q9: Converted | R9: Follow-Up Complete | S9: 46273 | U9: =IF($A9="","",IF(OR($Q9="Converted",$Q9="Closed",$Q9="Lost"),"Completed",IF($T9="","Not Scheduled",IF($T9<TODAY(),"Overdue",IF($T9=TODAY(),"Due Today","Upcoming"))))) -> Completed | AA9: =IF($A9="","",IFERROR($Y9*$Z9,0)) -> 0 | AE9: =IF($B9="","",DATE(YEAR($B9),MONTH($B9),1)) -> 46235 | AF9: =IF($AB9="","",DATE(YEAR($AB9),MONTH($AB9),1)) | AG9: =IF($A9="","",IF(OR($Q9="Converted",$Q9="Closed",$Q9="Lost"),"No","Yes")) -> No | AH9: =IF($A9="","",IF($Q9="Converted","Yes","No")) -> Yes | AI9: =IF($A9="","",IF(OR($U9="Overdue",$U9="Due Today"),"Yes","No")) -> No
A10: 5 | B10: 46264 | C10: Acme Industries | D10: Ketan Shah | E10: 9825060677 | G10: Ahmedabad | H10: India | I10: India | J10: Service | K10: Manufacturing | L10: Manufacturing | N10: Cold Outreach | O10: Aastha | P10: Cold | Q10: Lost | R10: Follow-Up Complete | U10: =IF($A10="","",IF(OR($Q10="Converted",$Q10="Closed",$Q10="Lost"),"Completed",IF($T10="","Not Scheduled",IF($T10<TODAY(),"Overdue",IF($T10=TODAY(),"Due Today","Upcoming"))))) -> Completed | AA10: =IF($A10="","",IFERROR($Y10*$Z10,0)) -> 0 | AE10: =IF($B10="","",DATE(YEAR($B10),MONTH($B10),1)) -> 46235 | AF10: =IF($AB10="","",DATE(YEAR($AB10),MONTH($AB10),1)) | AG10: =IF($A10="","",IF(OR($Q10="Converted",$Q10="Closed",$Q10="Lost"),"No","Yes")) -> No | AH10: =IF($A10="","",IF($Q10="Converted","Yes","No")) -> No | AI10: =IF($A10="","",IF(OR($U10="Overdue",$U10="Due Today"),"Yes","No")) -> No
A11: 6 | B11: 46264 | C11: Strikar | D11: Mitali | E11: 9773433064 | G11: Ahmedabad | H11: India | I11: India | J11: Service | K11: Healthcare | L11: Other Healthcare | N11: Event/Expo | O11: Aastha | P11: Hot | Q11: Converted | R11: Follow-Up Complete | S11: 46272 | U11: =IF($A11="","",IF(OR($Q11="Converted",$Q11="Closed",$Q11="Lost"),"Completed",IF($T11="","Not Scheduled",IF($T11<TODAY(),"Overdue",IF($T11=TODAY(),"Due Today","Upcoming"))))) -> Completed | AA11: =IF($A11="","",IFERROR($Y11*$Z11,0)) -> 0 | AE11: =IF($B11="","",DATE(YEAR($B11),MONTH($B11),1)) -> 46235 | AF11: =IF($AB11="","",DATE(YEAR($AB11),MONTH($AB11),1)) | AG11: =IF($A11="","",IF(OR($Q11="Converted",$Q11="Closed",$Q11="Lost"),"No","Yes")) -> No | AH11: =IF($A11="","",IF($Q11="Converted","Yes","No")) -> Yes | AI11: =IF($A11="","",IF(OR($U11="Overdue",$U11="Due Today"),"Yes","No")) -> No
A12: 7 | B12: 46264 | C12: Divyang Opticals | D12: Divyang | E12: 9825403704 | G12: Ahmedabad | H12: India | I12: India | J12: Service | K12: Optical | L12: Optical/Eyewear | N12: Cold Outreach | O12: Aastha | P12: Hot | Q12: Negotiation | R12: 3rd Follow-Up | S12: 46270 | U12: =IF($A12="","",IF(OR($Q12="Converted",$Q12="Closed",$Q12="Lost"),"Completed",IF($T12="","Not Scheduled",IF($T12<TODAY(),"Overdue",IF($T12=TODAY(),"Due Today","Upcoming"))))) -> Not Scheduled | AA12: =IF($A12="","",IFERROR($Y12*$Z12,0)) -> 0 | AE12: =IF($B12="","",DATE(YEAR($B12),MONTH($B12),1)) -> 46235 | AF12: =IF($AB12="","",DATE(YEAR($AB12),MONTH($AB12),1)) | AG12: =IF($A12="","",IF(OR($Q12="Converted",$Q12="Closed",$Q12="Lost"),"No","Yes")) -> Yes | AH12: =IF($A12="","",IF($Q12="Converted","Yes","No")) -> No | AI12: =IF($A12="","",IF(OR($U12="Overdue",$U12="Due Today"),"Yes","No")) -> No
A13: 8 | B13: 46264 | C13: Karma Foundation | D13: Sagar | E13: 9898760976 | G13: Ahmedabad | H13: India | I13: India | J13: Service | K13: NGO & Foundation | L13: Foundation | N13: Other | O13: Aastha | P13: Hot | Q13: Negotiation | R13: 3rd Follow-Up | S13: 46272 | U13: =IF($A13="","",IF(OR($Q13="Converted",$Q13="Closed",$Q13="Lost"),"Completed",IF($T13="","Not Scheduled",IF($T13<TODAY(),"Overdue",IF($T13=TODAY(),"Due Today","Upcoming"))))) -> Not Scheduled | AA13: =IF($A13="","",IFERROR($Y13*$Z13,0)) -> 0 | AE13: =IF($B13="","",DATE(YEAR($B13),MONTH($B13),1)) -> 46235 | AF13: =IF($AB13="","",DATE(YEAR($AB13),MONTH($AB13),1)) | AG13: =IF($A13="","",IF(OR($Q13="Converted",$Q13="Closed",$Q13="Lost"),"No","Yes")) -> Yes | AH13: =IF($A13="","",IF($Q13="Converted","Yes","No")) -> No | AI13: =IF($A13="","",IF(OR($U13="Overdue",$U13="Due Today"),"Yes","No")) -> No
A14: 9 | B14: 46264 | C14: Udgam | D14: Mayur Joshi | E14: 9427380788 | G14: Ahmedabad | H14: India | I14: India | J14: Service | K14: NGO & Foundation | L14: Foundation | N14: Cold Outreach | O14: Aastha | P14: Hot | Q14: Converted | R14: Follow-Up Complete | S14: 46254 | U14: =IF($A14="","",IF(OR($Q14="Converted",$Q14="Closed",$Q14="Lost"),"Completed",IF($T14="","Not Scheduled",IF($T14<TODAY(),"Overdue",IF($T14=TODAY(),"Due Today","Upcoming"))))) -> Completed | AA14: =IF($A14="","",IFERROR($Y14*$Z14,0)) -> 0 | AE14: =IF($B14="","",DATE(YEAR($B14),MONTH($B14),1)) -> 46235 | AF14: =IF($AB14="","",DATE(YEAR($AB14),MONTH($AB14),1)) | AG14: =IF($A14="","",IF(OR($Q14="Converted",$Q14="Closed",$Q14="Lost"),"No","Yes")) -> No | AH14: =IF($A14="","",IF($Q14="Converted","Yes","No")) -> Yes | AI14: =IF($A14="","",IF(OR($U14="Overdue",$U14="Due Today"),"Yes","No")) -> No
A15: 10 | B15: 46264 | C15: Priyanshi/Home Inventory | D15: Chirag Kayastha House Manager | E15: 9727708384 | G15: Ahmedabad | H15: India | I15: India | J15: Service | K15: Other Services | L15: General Services | N15: Referral | O15: Aastha | P15: Hot | Q15: Demo/Meeting | R15: 3rd Follow-Up | S15: 46272 | U15: =IF($A15="","",IF(OR($Q15="Converted",$Q15="Closed",$Q15="Lost"),"Completed",IF($T15="","Not Scheduled",IF($T15<TODAY(),"Overdue",IF($T15=TODAY(),"Due Today","Upcoming"))))) -> Not Scheduled | AA15: =IF($A15="","",IFERROR($Y15*$Z15,0)) -> 0 | AE15: =IF($B15="","",DATE(YEAR($B15),MONTH($B15),1)) -> 46235 | AF15: =IF($AB15="","",DATE(YEAR($AB15),MONTH($AB15),1)) | AG15: =IF($A15="","",IF(OR($Q15="Converted",$Q15="Closed",$Q15="Lost"),"No","Yes")) -> Yes | AH15: =IF($A15="","",IF($Q15="Converted","Yes","No")) -> No | AI15: =IF($A15="","",IF(OR($U15="Overdue",$U15="Due Today"),"Yes","No")) -> No
A16: 11 | B16: 46264 | C16: Anison Pharmatech | D16: Anis husain | E16: 9499646116 | G16: Ahmedabad | H16: India | I16: India | J16: Service | K16: Healthcare | L16: Other Healthcare | N16: Event/Expo | O16: Aastha | P16: Medium | Q16: Qualified | R16: Follow-Up Complete | S16: 46264 | U16: =IF($A16="","",IF(OR($Q16="Converted",$Q16="Closed",$Q16="Lost"),"Completed",IF($T16="","Not Scheduled",IF($T16<TODAY(),"Overdue",IF($T16=TODAY(),"Due Today","Upcoming"))))) -> Not Scheduled | AA16: =IF($A16="","",IFERROR($Y16*$Z16,0)) -> 0 | AE16: =IF($B16="","",DATE(YEAR($B16),MONTH($B16),1)) -> 46235 | AF16: =IF($AB16="","",DATE(YEAR($AB16),MONTH($AB16),1)) | AG16: =IF($A16="","",IF(OR($Q16="Converted",$Q16="Closed",$Q16="Lost"),"No","Yes")) -> Yes | AH16: =IF($A16="","",IF($Q16="Converted","Yes","No")) -> No | AI16: =IF($A16="","",IF(OR($U16="Overdue",$U16="Due Today"),"Yes","No")) -> No
A17: 14 | B17: 46264 | C17: Bipin (Brother Spice Import Export) | D17: Bipin | E17: 8320404750 | G17: Ahmedabad | H17: India | I17: India | J17: Service | K17: Other Services | L17: General Services | N17: Event/Expo | O17: Aastha | P17: Medium | Q17: Contacted | R17: Follow-Up Complete | S17: 46261 | U17: =IF($A17="","",IF(OR($Q17="Converted",$Q17="Closed",$Q17="Lost"),"Completed",IF($T17="","Not Scheduled",IF($T17<TODAY(),"Overdue",IF($T17=TODAY(),"Due Today","Upcoming"))))) -> Not Scheduled | AA17: =IF($A17="","",IFERROR($Y17*$Z17,0)) -> 0 | AE17: =IF($B17="","",DATE(YEAR($B17),MONTH($B17),1)) -> 46235 | AF17: =IF($AB17="","",DATE(YEAR($AB17),MONTH($AB17),1)) | AG17: =IF($A17="","",IF(OR($Q17="Converted",$Q17="Closed",$Q17="Lost"),"No","Yes")) -> Yes | AH17: =IF($A17="","",IF($Q17="Converted","Yes","No")) -> No | AI17: =IF($A17="","",IF(OR($U17="Overdue",$U17="Due Today"),"Yes","No")) -> No
A18: 16 | B18: 46264 | C18: Abad Healthcare | D18: Heeram Ladhwala | E18: 9106868413 | G18: Ahmedabad | H18: India | I18: India | J18: Service | K18: Healthcare | L18: Other Healthcare | N18: Event/Expo | O18: Aastha | P18: Hot | Q18: Demo/Meeting | R18: 2nd Follow-Up | S18: 46265 | U18: =IF($A18="","",IF(OR($Q18="Converted",$Q18="Closed",$Q18="Lost"),"Completed",IF($T18="","Not Scheduled",IF($T18<TODAY(),"Overdue",IF($T18=TODAY(),"Due Today","Upcoming"))))) -> Not Scheduled | AA18: =IF($A18="","",IFERROR($Y18*$Z18,0)) -> 0 | AE18: =IF($B18="","",DATE(YEAR($B18),MONTH($B18),1)) -> 46235 | AF18: =IF($AB18="","",DATE(YEAR($AB18),MONTH($AB18),1)) | AG18: =IF($A18="","",IF(OR($Q18="Converted",$Q18="Closed",$Q18="Lost"),"No","Yes")) -> Yes | AH18: =IF($A18="","",IF($Q18="Converted","Yes","No")) -> No | AI18: =IF($A18="","",IF(OR($U18="Overdue",$U18="Due Today"),"Yes","No")) -> No
A19: 17 | B19: 46264 | C19: Divine Secret Pharma | D19: Mayur Solanki | E19: 9054070890 | G19: Ahmedabad | H19: India | I19: India | J19: Service | K19: Healthcare | L19: Other Healthcare | N19: Event/Expo | O19: Aastha | P19: Cold | Q19: New | R19: Not Started | U19: =IF($A19="","",IF(OR($Q19="Converted",$Q19="Closed",$Q19="Lost"),"Completed",IF($T19="","Not Scheduled",IF($T19<TODAY(),"Overdue",IF($T19=TODAY(),"Due Today","Upcoming"))))) -> Not Scheduled | AA19: =IF($A19="","",IFERROR($Y19*$Z19,0)) -> 0 | AE19: =IF($B19="","",DATE(YEAR($B19),MONTH($B19),1)) -> 46235 | AF19: =IF($AB19="","",DATE(YEAR($AB19),MONTH($AB19),1)) | AG19: =IF($A19="","",IF(OR($Q19="Converted",$Q19="Closed",$Q19="Lost"),"No","Yes")) -> Yes | AH19: =IF($A19="","",IF($Q19="Converted","Yes","No")) -> No | AI19: =IF($A19="","",IF(OR($U19="Overdue",$U19="Due Today"),"Yes","No")) -> No
A20: 18 | B20: 46264 | C20: Jigneshkumar | D20: Jigneshkumar | E20: 9428081191 | G20: Ahmedabad | H20: India | I20: India | J20: Service | K20: Healthcare | L20: Other Healthcare | N20: Event/Expo | O20: Aastha | P20: Hot | Q20: Contacted | R20: Initial Contact | S20: 46269 | U20: =IF($A20="","",IF(OR($Q20="Converted",$Q20="Closed",$Q20="Lost"),"Completed",IF($T20="","Not Scheduled",IF($T20<TODAY(),"Overdue",IF($T20=TODAY(),"Due Today","Upcoming"))))) -> Not Scheduled | AA20: =IF($A20="","",IFERROR($Y20*$Z20,0)) -> 0 | AE20: =IF($B20="","",DATE(YEAR($B20),MONTH($B20),1)) -> 46235 | AF20: =IF($AB20="","",DATE(YEAR($AB20),MONTH($AB20),1)) | AG20: =IF($A20="","",IF(OR($Q20="Converted",$Q20="Closed",$Q20="Lost"),"No","Yes")) -> Yes | AH20: =IF($A20="","",IF($Q20="Converted","Yes","No")) -> No | AI20: =IF($A20="","",IF(OR($U20="Overdue",$U20="Due Today"),"Yes","No")) -> No
A21: 20 | B21: 46264 | C21: Bhagat Pharmatech | D21: Manoj VNSGU | E21: 9723526717 / 9023424674 | G21: Ahmedabad | H21: India | I21: India | J21: Service | K21: Healthcare | L21: Other Healthcare | N21: Event/Expo | O21: Aastha | P21: Cold | Q21: New | R21: Not Started | U21: =IF($A21="","",IF(OR($Q21="Converted",$Q21="Closed",$Q21="Lost"),"Completed",IF($T21="","Not Scheduled",IF($T21<TODAY(),"Overdue",IF($T21=TODAY(),"Due Today","Upcoming"))))) -> Not Scheduled | AA21: =IF($A21="","",IFERROR($Y21*$Z21,0)) -> 0 | AE21: =IF($B21="","",DATE(YEAR($B21),MONTH($B21),1)) -> 46235 | AF21: =IF($AB21="","",DATE(YEAR($AB21),MONTH($AB21),1)) | AG21: =IF($A21="","",IF(OR($Q21="Converted",$Q21="Closed",$Q21="Lost"),"No","Yes")) -> Yes | AH21: =IF($A21="","",IF($Q21="Converted","Yes","No")) -> No | AI21: =IF($A21="","",IF(OR($U21="Overdue",$U21="Due Today"),"Yes","No")) -> No
A22: 21 | B22: 46264 | C22: Neo India Lifeline | D22: Khevna Maniar | E22: 9898107362 | G22: Ahmedabad | H22: India | I22: India | J22: Service | K22: Healthcare | L22: Other Healthcare | N22: Event/Expo | O22: Aastha | P22: Hot | Q22: Qualified | R22: 2nd Follow-Up | S22: 46272 | U22: =IF($A22="","",IF(OR($Q22="Converted",$Q22="Closed",$Q22="Lost"),"Completed",IF($T22="","Not Scheduled",IF($T22<TODAY(),"Overdue",IF($T22=TODAY(),"Due Today","Upcoming"))))) -> Not Scheduled | AA22: =IF($A22="","",IFERROR($Y22*$Z22,0)) -> 0 | AE22: =IF($B22="","",DATE(YEAR($B22),MONTH($B22),1)) -> 46235 | AF22: =IF($AB22="","",DATE(YEAR($AB22),MONTH($AB22),1)) | AG22: =IF($A22="","",IF(OR($Q22="Converted",$Q22="Closed",$Q22="Lost"),"No","Yes")) -> Yes | AH22: =IF($A22="","",IF($Q22="Converted","Yes","No")) -> No | AI22: =IF($A22="","",IF(OR($U22="Overdue",$U22="Due Today"),"Yes","No")) -> No
A23: 22 | B23: 46264 | C23: Chapter 1 | D23: Ankit Mandal | E23: 8530465246 | F23: hello@chapter1.finance | G23: Surat | H23: India | I23: India | J23: Service | K23: Healthcare | L23: Other Healthcare | N23: Event/Expo | O23: Aastha | P23: Cold | Q23: Lost | R23: Initial Contact | S23: 46269 | U23: =IF($A23="","",IF(OR($Q23="Converted",$Q23="Closed",$Q23="Lost"),"Completed",IF($T23="","Not Scheduled",IF($T23<TODAY(),"Overdue",IF($T23=TODAY(),"Due Today","Upcoming"))))) -> Completed | AA23: =IF($A23="","",IFERROR($Y23*$Z23,0)) -> 0 | AE23: =IF($B23="","",DATE(YEAR($B23),MONTH($B23),1)) -> 46235 | AF23: =IF($AB23="","",DATE(YEAR($AB23),MONTH($AB23),1)) | AG23: =IF($A23="","",IF(OR($Q23="Converted",$Q23="Closed",$Q23="Lost"),"No","Yes")) -> No | AH23: =IF($A23="","",IF($Q23="Converted","Yes","No")) -> No | AI23: =IF($A23="","",IF(OR($U23="Overdue",$U23="Due Today"),"Yes","No")) -> No
A24: 23 | B24: 46264 | C24: Raj Polymer | D24: Vipin Tiwari | E24: 9945185088 / 8970350803 | F24: vipin@rajploymer.com rajpolymer00@gmail.com | G24: Chikka Gollarahatti Bengaluru, Karnataka | H24: India | I24: India | J24: Service | K24: Healthcare | L24: Other Healthcare | N24: Event/Expo | O24: Aastha | P24: Cold | Q24: New | R24: Not Started | U24: =IF($A24="","",IF(OR($Q24="Converted",$Q24="Closed",$Q24="Lost"),"Completed",IF($T24="","Not Scheduled",IF($T24<TODAY(),"Overdue",IF($T24=TODAY(),"Due Today","Upcoming"))))) -> Not Scheduled | AA24: =IF($A24="","",IFERROR($Y24*$Z24,0)) -> 0 | AE24: =IF($B24="","",DATE(YEAR($B24),MONTH($B24),1)) -> 46235 | AF24: =IF($AB24="","",DATE(YEAR($AB24),MONTH($AB24),1)) | AG24: =IF($A24="","",IF(OR($Q24="Converted",$Q24="Closed",$Q24="Lost"),"No","Yes")) -> Yes | AH24: =IF($A24="","",IF($Q24="Converted","Yes","No")) -> No | AI24: =IF($A24="","",IF(OR($U24="Overdue",$U24="Due Today"),"Yes","No")) -> No
A25: 24 | B25: 46264 | C25: Novatoz Scientific LLP | D25: Sandip Patel | E25: 9724330701 | F25: info.novatoz@gmail.com | G25: Ahmedabad | H25: India | I25: India | J25: Service | K25: Healthcare | L25: Other Healthcare | N25: Event/Expo | O25: Aastha | P25: Cold | Q25: New | R25: Not Started | U25: =IF($A25="","",IF(OR($Q25="Converted",$Q25="Closed",$Q25="Lost"),"Completed",IF($T25="","Not Scheduled",IF($T25<TODAY(),"Overdue",IF($T25=TODAY(),"Due Today","Upcoming"))))) -> Not Scheduled | AA25: =IF($A25="","",IFERROR($Y25*$Z25,0)) -> 0 | AE25: =IF($B25="","",DATE(YEAR($B25),MONTH($B25),1)) -> 46235 | AF25: =IF($AB25="","",DATE(YEAR($AB25),MONTH($AB25),1)) | AG25: =IF($A25="","",IF(OR($Q25="Converted",$Q25="Closed",$Q25="Lost"),"No","Yes")) -> Yes | AH25: =IF($A25="","",IF($Q25="Converted","Yes","No")) -> No | AI25: =IF($A25="","",IF(OR($U25="Overdue",$U25="Due Today"),"Yes","No")) -> No
A26: 25 | B26: 46264 | C26: Sheel Overseas | D26: Sheel Shah | E26: 9586855566 | F26: info@sheelloverseas.com | G26: Ahmedabad | H26: India | I26: India | J26: Service | K26: Other Services | L26: Manufacturing | N26: Event/Expo | O26: Aastha | P26: Cold | Q26: New | R26: Not Started | U26: =IF($A26="","",IF(OR($Q26="Converted",$Q26="Closed",$Q26="Lost"),"Completed",IF($T26="","Not Scheduled",IF($T26<TODAY(),"Overdue",IF($T26=TODAY(),"Due Today","Upcoming"))))) -> Not Scheduled | AA26: =IF($A26="","",IFERROR($Y26*$Z26,0)) -> 0 | AE26: =IF($B26="","",DATE(YEAR($B26),MONTH($B26),1)) -> 46235 | AF26: =IF($AB26="","",DATE(YEAR($AB26),MONTH($AB26),1)) | AG26: =IF($A26="","",IF(OR($Q26="Converted",$Q26="Closed",$Q26="Lost"),"No","Yes")) -> Yes | AH26: =IF($A26="","",IF($Q26="Converted","Yes","No")) -> No | AI26: =IF($A26="","",IF(OR($U26="Overdue",$U26="Due Today"),"Yes","No")) -> No
A27: 26 | B27: 46264 | C27: Shamura Polytech PVT. Ltd | D27: Rajesh Rami (Marketing Manager) | E27: 9913864345; 902325424 | F27: shamurapolytechpvt.ltd@gmail.com | G27: Vijapur | H27: India | I27: India | J27: Service | K27: Manufacturing | L27: Manufacturing | N27: Event/Expo | O27: Aastha | P27: Cold | Q27: New | R27: Not Started | U27: =IF($A27="","",IF(OR($Q27="Converted",$Q27="Closed",$Q27="Lost"),"Completed",IF($T27="","Not Scheduled",IF($T27<TODAY(),"Overdue",IF($T27=TODAY(),"Due Today","Upcoming"))))) -> Not Scheduled | AA27: =IF($A27="","",IFERROR($Y27*$Z27,0)) -> 0 | AE27: =IF($B27="","",DATE(YEAR($B27),MONTH($B27),1)) -> 46235 | AF27: =IF($AB27="","",DATE(YEAR($AB27),MONTH($AB27),1)) | AG27: =IF($A27="","",IF(OR($Q27="Converted",$Q27="Closed",$Q27="Lost"),"No","Yes")) -> Yes | AH27: =IF($A27="","",IF($Q27="Converted","Yes","No")) -> No | AI27: =IF($A27="","",IF(OR($U27="Overdue",$U27="Due Today"),"Yes","No")) -> No
A28: 27 | B28: 46264 | C28: Marengo CIMS Hospital / Marengo Asia Healthcare Private Limited | D28: Dr Bhagyesh Shah | E28: 9099068938 | F28: bhagyesh.shah@marengoasia.com; marengocims.opd.rec@marengoasia.com | G28: Ahmedabad | H28: India | I28: India | J28: Service | K28: Healthcare | L28: Other Healthcare | N28: Event/Expo | O28: Aastha | P28: Cold | Q28: New | R28: Not Started | U28: =IF($A28="","",IF(OR($Q28="Converted",$Q28="Closed",$Q28="Lost"),"Completed",IF($T28="","Not Scheduled",IF($T28<TODAY(),"Overdue",IF($T28=TODAY(),"Due Today","Upcoming"))))) -> Not Scheduled | AA28: =IF($A28="","",IFERROR($Y28*$Z28,0)) -> 0 | AE28: =IF($B28="","",DATE(YEAR($B28),MONTH($B28),1)) -> 46235 | AF28: =IF($AB28="","",DATE(YEAR($AB28),MONTH($AB28),1)) | AG28: =IF($A28="","",IF(OR($Q28="Converted",$Q28="Closed",$Q28="Lost"),"No","Yes")) -> Yes | AH28: =IF($A28="","",IF($Q28="Converted","Yes","No")) -> No | AI28: =IF($A28="","",IF(OR($U28="Overdue",$U28="Due Today"),"Yes","No")) -> No
A29: 28 | B29: 46264 | C29: Enervia Nutraceuticals Private Limited | D29: Sachin Thakkar (Director) | E29: 9925044953 | F29: sachin.thakkar@enervia.in | G29: Ahmedabad | H29: India | I29: India | J29: Service | K29: Healthcare | L29: Other Healthcare | N29: Event/Expo | O29: Aastha | P29: Cold | Q29: New | R29: Not Started | U29: =IF($A29="","",IF(OR($Q29="Converted",$Q29="Closed",$Q29="Lost"),"Completed",IF($T29="","Not Scheduled",IF($T29<TODAY(),"Overdue",IF($T29=TODAY(),"Due Today","Upcoming"))))) -> Not Scheduled | AA29: =IF($A29="","",IFERROR($Y29*$Z29,0)) -> 0 | AE29: =IF($B29="","",DATE(YEAR($B29),MONTH($B29),1)) -> 46235 | AF29: =IF($AB29="","",DATE(YEAR($AB29),MONTH($AB29),1)) | AG29: =IF($A29="","",IF(OR($Q29="Converted",$Q29="Closed",$Q29="Lost"),"No","Yes")) -> Yes | AH29: =IF($A29="","",IF($Q29="Converted","Yes","No")) -> No | AI29: =IF($A29="","",IF(OR($U29="Overdue",$U29="Due Today"),"Yes","No")) -> No
A30: 29 | B30: 46264 | C30: Vishva World | D30: Jigaa Kapadia (Global Network Connector) | E30: 7570788686 | F30: info@vishva.world | H30: India | I30: India | J30: Service | K30: Other Services | L30: General Services | N30: Event/Expo | O30: Aastha | P30: Cold | Q30: New | R30: Not Started | U30: =IF($A30="","",IF(OR($Q30="Converted",$Q30="Closed",$Q30="Lost"),"Completed",IF($T30="","Not Scheduled",IF($T30<TODAY(),"Overdue",IF($T30=TODAY(),"Due Today","Upcoming"))))) -> Not Scheduled | AA30: =IF($A30="","",IFERROR($Y30*$Z30,0)) -> 0 | AE30: =IF($B30="","",DATE(YEAR($B30),MONTH($B30),1)) -> 46235 | AF30: =IF($AB30="","",DATE(YEAR($AB30),MONTH($AB30),1)) | AG30: =IF($A30="","",IF(OR($Q30="Converted",$Q30="Closed",$Q30="Lost"),"No","Yes")) -> Yes | AH30: =IF($A30="","",IF($Q30="Converted","Yes","No")) -> No | AI30: =IF($A30="","",IF(OR($U30="Overdue",$U30="Due Today"),"Yes","No")) -> No
A31: 30 | B31: 46264 | C31: Bizkey Consultancy | D31: Vani Mehta (Founder) | E31: 8980778631 | F31: vani.mehta@bizkey.biz | G31: Ahmedabad | H31: India | I31: India | J31: Service | K31: Other Products | L31: General Services | N31: Event/Expo | O31: Aastha | P31: Cold | Q31: New | R31: Not Started | U31: =IF($A31="","",IF(OR($Q31="Converted",$Q31="Closed",$Q31="Lost"),"Completed",IF($T31="","Not Scheduled",IF($T31<TODAY(),"Overdue",IF($T31=TODAY(),"Due Today","Upcoming"))))) -> Not Scheduled | AA31: =IF($A31="","",IFERROR($Y31*$Z31,0)) -> 0 | AE31: =IF($B31="","",DATE(YEAR($B31),MONTH($B31),1)) -> 46235 | AF31: =IF($AB31="","",DATE(YEAR($AB31),MONTH($AB31),1)) | AG31: =IF($A31="","",IF(OR($Q31="Converted",$Q31="Closed",$Q31="Lost"),"No","Yes")) -> Yes | AH31: =IF($A31="","",IF($Q31="Converted","Yes","No")) -> No | AI31: =IF($A31="","",IF(OR($U31="Overdue",$U31="Due Today"),"Yes","No")) -> No
A32: 31 | B32: 46264 | C32: Adfinmark Multisolution Pvt. Ltd. | D32: Chinmay H Mehta (Zone Director) | E32: 7600084422 | F32: chinmay@adfinmark.com | G32: Yamuna Nagar / Nagpur / Amritsar / Ahmedabad | H32: India | I32: India | J32: Service | K32: Other Products | L32: General Services | N32: Event/Expo | O32: Aastha | P32: Cold | Q32: New | R32: Not Started | U32: =IF($A32="","",IF(OR($Q32="Converted",$Q32="Closed",$Q32="Lost"),"Completed",IF($T32="","Not Scheduled",IF($T32<TODAY(),"Overdue",IF($T32=TODAY(),"Due Today","Upcoming"))))) -> Not Scheduled | AA32: =IF($A32="","",IFERROR($Y32*$Z32,0)) -> 0 | AE32: =IF($B32="","",DATE(YEAR($B32),MONTH($B32),1)) -> 46235 | AF32: =IF($AB32="","",DATE(YEAR($AB32),MONTH($AB32),1)) | AG32: =IF($A32="","",IF(OR($Q32="Converted",$Q32="Closed",$Q32="Lost"),"No","Yes")) -> Yes | AH32: =IF($A32="","",IF($Q32="Converted","Yes","No")) -> No | AI32: =IF($A32="","",IF(OR($U32="Overdue",$U32="Due Today"),"Yes","No")) -> No
A33: 32 | B33: 46264 | C33: D.N. Laser | D33: Dharmesh / Gaurang | E33: 9998100274; 9428671616 | F33: d.n.laser1996@gmail.com | G33: Ahmedabad | H33: India | I33: India | J33: Service | K33: Other Products | L33: General Services | N33: Event/Expo | O33: Aastha | P33: Cold | Q33: New | R33: Not Started | U33: =IF($A33="","",IF(OR($Q33="Converted",$Q33="Closed",$Q33="Lost"),"Completed",IF($T33="","Not Scheduled",IF($T33<TODAY(),"Overdue",IF($T33=TODAY(),"Due Today","Upcoming"))))) -> Not Scheduled | AA33: =IF($A33="","",IFERROR($Y33*$Z33,0)) -> 0 | AE33: =IF($B33="","",DATE(YEAR($B33),MONTH($B33),1)) -> 46235 | AF33: =IF($AB33="","",DATE(YEAR($AB33),MONTH($AB33),1)) | AG33: =IF($A33="","",IF(OR($Q33="Converted",$Q33="Closed",$Q33="Lost"),"No","Yes")) -> Yes | AH33: =IF($A33="","",IF($Q33="Converted","Yes","No")) -> No | AI33: =IF($A33="","",IF(OR($U33="Overdue",$U33="Due Today"),"Yes","No")) -> No
A34: 33 | B34: 46264 | C34: REIN ENTERPRISE | E34: 8511860282 | F34: reinenterprise3015@gmail.com | G34: Ahmedabad | H34: India | I34: India | J34: Service | K34: Other Services | L34: General Services | N34: Event/Expo | O34: Aastha | P34: Cold | Q34: New | R34: Not Started | U34: =IF($A34="","",IF(OR($Q34="Converted",$Q34="Closed",$Q34="Lost"),"Completed",IF($T34="","Not Scheduled",IF($T34<TODAY(),"Overdue",IF($T34=TODAY(),"Due Today","Upcoming"))))) -> Not Scheduled | AA34: =IF($A34="","",IFERROR($Y34*$Z34,0)) -> 0 | AE34: =IF($B34="","",DATE(YEAR($B34),MONTH($B34),1)) -> 46235 | AF34: =IF($AB34="","",DATE(YEAR($AB34),MONTH($AB34),1)) | AG34: =IF($A34="","",IF(OR($Q34="Converted",$Q34="Closed",$Q34="Lost"),"No","Yes")) -> Yes | AH34: =IF($A34="","",IF($Q34="Converted","Yes","No")) -> No | AI34: =IF($A34="","",IF(OR($U34="Overdue",$U34="Due Today"),"Yes","No")) -> No
A35: 34 | B35: 46264 | C35: SINGH ENTERPRISES | D35: Ekyot Singh | E35: 9619134047; 9820070228 | F35: singh_enterprises7@yahoo.com; info@singh-enterprises.com | G35: Mumbai | H35: India | I35: India | J35: Service | K35: Manufacturing | L35: Manufacturing | N35: Event/Expo | O35: Aastha | P35: Cold | Q35: New | R35: Not Started | U35: =IF($A35="","",IF(OR($Q35="Converted",$Q35="Closed",$Q35="Lost"),"Completed",IF($T35="","Not Scheduled",IF($T35<TODAY(),"Overdue",IF($T35=TODAY(),"Due Today","Upcoming"))))) -> Not Scheduled | AA35: =IF($A35="","",IFERROR($Y35*$Z35,0)) -> 0 | AE35: =IF($B35="","",DATE(YEAR($B35),MONTH($B35),1)) -> 46235 | AF35: =IF($AB35="","",DATE(YEAR($AB35),MONTH($AB35),1)) | AG35: =IF($A35="","",IF(OR($Q35="Converted",$Q35="Closed",$Q35="Lost"),"No","Yes")) -> Yes | AH35: =IF($A35="","",IF($Q35="Converted","Yes","No")) -> No | AI35: =IF($A35="","",IF(OR($U35="Overdue",$U35="Due Today"),"Yes","No")) -> No
A36: 35 | B36: 46264 | C36: DEV OPUS PVT. LTD. | D36: Akash Dabhi (Senior Business Development Executive) | E36: 8734010864 | F36: bade@devopus.com | G36: Ahmedabad | H36: India | I36: India | J36: Service | K36: Other Services | L36: General Services | N36: Event/Expo | O36: Aastha | P36: Cold | Q36: New | R36: Not Started | U36: =IF($A36="","",IF(OR($Q36="Converted",$Q36="Closed",$Q36="Lost"),"Completed",IF($T36="","Not Scheduled",IF($T36<TODAY(),"Overdue",IF($T36=TODAY(),"Due Today","Upcoming"))))) -> Not Scheduled | AA36: =IF($A36="","",IFERROR($Y36*$Z36,0)) -> 0 | AE36: =IF($B36="","",DATE(YEAR($B36),MONTH($B36),1)) -> 46235 | AF36: =IF($AB36="","",DATE(YEAR($AB36),MONTH($AB36),1)) | AG36: =IF($A36="","",IF(OR($Q36="Converted",$Q36="Closed",$Q36="Lost"),"No","Yes")) -> Yes | AH36: =IF($A36="","",IF($Q36="Converted","Yes","No")) -> No | AI36: =IF($A36="","",IF(OR($U36="Overdue",$U36="Due Today"),"Yes","No")) -> No
A37: 36 | B37: 46264 | C37: FLUID FLOW ENGINEERS | D37: Dingare Yogesh | E37: 9326204116 | F37: fluidflowengg20213@gmail.com | G37: Pune | H37: India | I37: India | J37: Service | K37: Other Services | L37: General Services | N37: Event/Expo | O37: Aastha | P37: Cold | Q37: New | R37: Not Started | U37: =IF($A37="","",IF(OR($Q37="Converted",$Q37="Closed",$Q37="Lost"),"Completed",IF($T37="","Not Scheduled",IF($T37<TODAY(),"Overdue",IF($T37=TODAY(),"Due Today","Upcoming"))))) -> Not Scheduled | AA37: =IF($A37="","",IFERROR($Y37*$Z37,0)) -> 0 | AE37: =IF($B37="","",DATE(YEAR($B37),MONTH($B37),1)) -> 46235 | AF37: =IF($AB37="","",DATE(YEAR($AB37),MONTH($AB37),1)) | AG37: =IF($A37="","",IF(OR($Q37="Converted",$Q37="Closed",$Q37="Lost"),"No","Yes")) -> Yes | AH37: =IF($A37="","",IF($Q37="Converted","Yes","No")) -> No | AI37: =IF($A37="","",IF(OR($U37="Overdue",$U37="Due Today"),"Yes","No")) -> No
A38: 37 | B38: 46264 | C38: Anax Lifescience Private Limited | D38: Samir Patel (Managing Director) | E38: 9879105608 | F38: info@anaxlifescience.in | G38: Ahmedabad | H38: India | I38: India | J38: Service | K38: Healthcare | L38: Pharma | N38: Event/Expo | O38: Aastha | P38: Cold | Q38: New | R38: Not Started | U38: =IF($A38="","",IF(OR($Q38="Converted",$Q38="Closed",$Q38="Lost"),"Completed",IF($T38="","Not Scheduled",IF($T38<TODAY(),"Overdue",IF($T38=TODAY(),"Due Today","Upcoming"))))) -> Not Scheduled | AA38: =IF($A38="","",IFERROR($Y38*$Z38,0)) -> 0 | AE38: =IF($B38="","",DATE(YEAR($B38),MONTH($B38),1)) -> 46235 | AF38: =IF($AB38="","",DATE(YEAR($AB38),MONTH($AB38),1)) | AG38: =IF($A38="","",IF(OR($Q38="Converted",$Q38="Closed",$Q38="Lost"),"No","Yes")) -> Yes | AH38: =IF($A38="","",IF($Q38="Converted","Yes","No")) -> No | AI38: =IF($A38="","",IF(OR($U38="Overdue",$U38="Due Today"),"Yes","No")) -> No
A39: 38 | B39: 46264 | C39: Sachdev Scientific Equipments / Blancoz | D39: Aditya Sachdev (Director) | E39: 90330 07000; 7721-290133 | F39: info@blancoz.in; sachdevaditya@hotmail.com | G39: Raipur | H39: India | I39: India | J39: Service | K39: Manufacturing | L39: Manufacturing | N39: Event/Expo | O39: Aastha | P39: Cold | Q39: New | R39: Not Started | U39: =IF($A39="","",IF(OR($Q39="Converted",$Q39="Closed",$Q39="Lost"),"Completed",IF($T39="","Not Scheduled",IF($T39<TODAY(),"Overdue",IF($T39=TODAY(),"Due Today","Upcoming"))))) -> Not Scheduled | AA39: =IF($A39="","",IFERROR($Y39*$Z39,0)) -> 0 | AE39: =IF($B39="","",DATE(YEAR($B39),MONTH($B39),1)) -> 46235 | AF39: =IF($AB39="","",DATE(YEAR($AB39),MONTH($AB39),1)) | AG39: =IF($A39="","",IF(OR($Q39="Converted",$Q39="Closed",$Q39="Lost"),"No","Yes")) -> Yes | AH39: =IF($A39="","",IF($Q39="Converted","Yes","No")) -> No | AI39: =IF($A39="","",IF(OR($U39="Overdue",$U39="Due Today"),"Yes","No")) -> No
A40: 39 | B40: 46264 | C40: Kalpana Lights / Seridone | D40: Vijaysingh Rajput / Arjunsingh Rajput | E40: 9773479961; 9930479535; 079 22155334 | G40: Ahmedabad | H40: India | I40: India | J40: Service | K40: Manufacturing | L40: Manufacturing | N40: Event/Expo | O40: Aastha | P40: Cold | Q40: New | R40: Not Started | U40: =IF($A40="","",IF(OR($Q40="Converted",$Q40="Closed",$Q40="Lost"),"Completed",IF($T40="","Not Scheduled",IF($T40<TODAY(),"Overdue",IF($T40=TODAY(),"Due Today","Upcoming"))))) -> Not Scheduled | AA40: =IF($A40="","",IFERROR($Y40*$Z40,0)) -> 0 | AE40: =IF($B40="","",DATE(YEAR($B40),MONTH($B40),1)) -> 46235 | AF40: =IF($AB40="","",DATE(YEAR($AB40),MONTH($AB40),1)) | AG40: =IF($A40="","",IF(OR($Q40="Converted",$Q40="Closed",$Q40="Lost"),"No","Yes")) -> Yes | AH40: =IF($A40="","",IF($Q40="Converted","Yes","No")) -> No | AI40: =IF($A40="","",IF(OR($U40="Overdue",$U40="Due Today"),"Yes","No")) -> No
A41: 40 | B41: 46264 | C41: CHL / Communities Heritage Limited | D41: Gaurav Kumar (Sales Head) | E41: 8209941243 | F41: ahmedabad@chlgroup.org | G41: Ahmedabad | H41: India | I41: India | J41: Service | K41: Other Services | L41: General Services | N41: Event/Expo | O41: Aastha | P41: Cold | Q41: New | R41: Not Started | U41: =IF($A41="","",IF(OR($Q41="Converted",$Q41="Closed",$Q41="Lost"),"Completed",IF($T41="","Not Scheduled",IF($T41<TODAY(),"Overdue",IF($T41=TODAY(),"Due Today","Upcoming"))))) -> Not Scheduled | AA41: =IF($A41="","",IFERROR($Y41*$Z41,0)) -> 0 | AE41: =IF($B41="","",DATE(YEAR($B41),MONTH($B41),1)) -> 46235 | AF41: =IF($AB41="","",DATE(YEAR($AB41),MONTH($AB41),1)) | AG41: =IF($A41="","",IF(OR($Q41="Converted",$Q41="Closed",$Q41="Lost"),"No","Yes")) -> Yes | AH41: =IF($A41="","",IF($Q41="Converted","Yes","No")) -> No | AI41: =IF($A41="","",IF(OR($U41="Overdue",$U41="Due Today"),"Yes","No")) -> No
A42: 41 | B42: 46264 | C42: Walpar Group of Companies | D42: Brijesh Vora (Production Head) | E42: 9722946420 | F42: brijesh.walpar@gmail.com | G42: Kalol | H42: India | I42: India | J42: Service | K42: Healthcare | L42: Doctors | N42: Event/Expo | O42: Aastha | P42: Cold | Q42: New | R42: Not Started | U42: =IF($A42="","",IF(OR($Q42="Converted",$Q42="Closed",$Q42="Lost"),"Completed",IF($T42="","Not Scheduled",IF($T42<TODAY(),"Overdue",IF($T42=TODAY(),"Due Today","Upcoming"))))) -> Not Scheduled | AA42: =IF($A42="","",IFERROR($Y42*$Z42,0)) -> 0 | AE42: =IF($B42="","",DATE(YEAR($B42),MONTH($B42),1)) -> 46235 | AF42: =IF($AB42="","",DATE(YEAR($AB42),MONTH($AB42),1)) | AG42: =IF($A42="","",IF(OR($Q42="Converted",$Q42="Closed",$Q42="Lost"),"No","Yes")) -> Yes | AH42: =IF($A42="","",IF($Q42="Converted","Yes","No")) -> No | AI42: =IF($A42="","",IF(OR($U42="Overdue",$U42="Due Today"),"Yes","No")) -> No
A43: 42 | B43: 46264 | C43: GPE EXPO PVT. LTD. | D43: Dhiraj Rathod (Executive, Exhibitions) | E43: 8980193333 | F43: info@GPEexpo.com | H43: India | I43: India | J43: Service | K43: Healthcare | L43: Other Healthcare | N43: Event/Expo | O43: Aastha | P43: Cold | Q43: New | R43: Not Started | U43: =IF($A43="","",IF(OR($Q43="Converted",$Q43="Closed",$Q43="Lost"),"Completed",IF($T43="","Not Scheduled",IF($T43<TODAY(),"Overdue",IF($T43=TODAY(),"Due Today","Upcoming"))))) -> Not Scheduled | AA43: =IF($A43="","",IFERROR($Y43*$Z43,0)) -> 0 | AE43: =IF($B43="","",DATE(YEAR($B43),MONTH($B43),1)) -> 46235 | AF43: =IF($AB43="","",DATE(YEAR($AB43),MONTH($AB43),1)) | AG43: =IF($A43="","",IF(OR($Q43="Converted",$Q43="Closed",$Q43="Lost"),"No","Yes")) -> Yes | AH43: =IF($A43="","",IF($Q43="Converted","Yes","No")) -> No | AI43: =IF($A43="","",IF(OR($U43="Overdue",$U43="Due Today"),"Yes","No")) -> No
A44: 43 | B44: 46264 | C44: Metropharm Wellness | D44: Vatsal Dixit (Managing Director) | E44: 9925249992 | F44: vatsal@metropharmwellness.com | G44: Ahmedabad | H44: India | I44: India | J44: Service | K44: Healthcare | L44: Pharma | N44: Event/Expo | O44: Aastha | P44: Cold | Q44: New | R44: Not Started | U44: =IF($A44="","",IF(OR($Q44="Converted",$Q44="Closed",$Q44="Lost"),"Completed",IF($T44="","Not Scheduled",IF($T44<TODAY(),"Overdue",IF($T44=TODAY(),"Due Today","Upcoming"))))) -> Not Scheduled | AA44: =IF($A44="","",IFERROR($Y44*$Z44,0)) -> 0 | AE44: =IF($B44="","",DATE(YEAR($B44),MONTH($B44),1)) -> 46235 | AF44: =IF($AB44="","",DATE(YEAR($AB44),MONTH($AB44),1)) | AG44: =IF($A44="","",IF(OR($Q44="Converted",$Q44="Closed",$Q44="Lost"),"No","Yes")) -> Yes | AH44: =IF($A44="","",IF($Q44="Converted","Yes","No")) -> No | AI44: =IF($A44="","",IF(OR($U44="Overdue",$U44="Due Today"),"Yes","No")) -> No
A45: 44 | B45: 46264 | C45: Glotex Solutions Pvt. Ltd. | D45: Zahid Rais (Sr. Manager-Sales) | E45: 9212302986 | F45: sales3@glotexinc.com | G45: Vadodara | H45: India | I45: India | J45: Service | K45: Manufacturing | L45: Manufacturing | N45: Event/Expo | O45: Aastha | P45: Cold | Q45: New | R45: Not Started | U45: =IF($A45="","",IF(OR($Q45="Converted",$Q45="Closed",$Q45="Lost"),"Completed",IF($T45="","Not Scheduled",IF($T45<TODAY(),"Overdue",IF($T45=TODAY(),"Due Today","Upcoming"))))) -> Not Scheduled | AA45: =IF($A45="","",IFERROR($Y45*$Z45,0)) -> 0 | AE45: =IF($B45="","",DATE(YEAR($B45),MONTH($B45),1)) -> 46235 | AF45: =IF($AB45="","",DATE(YEAR($AB45),MONTH($AB45),1)) | AG45: =IF($A45="","",IF(OR($Q45="Converted",$Q45="Closed",$Q45="Lost"),"No","Yes")) -> Yes | AH45: =IF($A45="","",IF($Q45="Converted","Yes","No")) -> No | AI45: =IF($A45="","",IF(OR($U45="Overdue",$U45="Due Today"),"Yes","No")) -> No
A46: 45 | B46: 46264 | C46: Research Delta Advisors | D46: Chintan Mehta (Co. Founder, Tech Lead) | E46: 9428551146 | F46: chintan@researchdelta.com | G46: Vadodara | H46: India | I46: India | J46: Service | K46: Other Services | L46: General Services | N46: Event/Expo | O46: Aastha | P46: Cold | Q46: New | R46: Not Started | U46: =IF($A46="","",IF(OR($Q46="Converted",$Q46="Closed",$Q46="Lost"),"Completed",IF($T46="","Not Scheduled",IF($T46<TODAY(),"Overdue",IF($T46=TODAY(),"Due Today","Upcoming"))))) -> Not Scheduled | AA46: =IF($A46="","",IFERROR($Y46*$Z46,0)) -> 0 | AE46: =IF($B46="","",DATE(YEAR($B46),MONTH($B46),1)) -> 46235 | AF46: =IF($AB46="","",DATE(YEAR($AB46),MONTH($AB46),1)) | AG46: =IF($A46="","",IF(OR($Q46="Converted",$Q46="Closed",$Q46="Lost"),"No","Yes")) -> Yes | AH46: =IF($A46="","",IF($Q46="Converted","Yes","No")) -> No | AI46: =IF($A46="","",IF(OR($U46="Overdue",$U46="Due Today"),"Yes","No")) -> No
A47: 46 | B47: 46264 | C47: Satyamev Infotech | D47: Devang Pancholi | E47: 9825026304 | F47: devang@satyamev.com | H47: India | I47: India | J47: Service | K47: Other Services | L47: General Services | N47: Event/Expo | O47: Aastha | P47: Cold | Q47: New | R47: Not Started | U47: =IF($A47="","",IF(OR($Q47="Converted",$Q47="Closed",$Q47="Lost"),"Completed",IF($T47="","Not Scheduled",IF($T47<TODAY(),"Overdue",IF($T47=TODAY(),"Due Today","Upcoming"))))) -> Not Scheduled | AA47: =IF($A47="","",IFERROR($Y47*$Z47,0)) -> 0 | AE47: =IF($B47="","",DATE(YEAR($B47),MONTH($B47),1)) -> 46235 | AF47: =IF($AB47="","",DATE(YEAR($AB47),MONTH($AB47),1)) | AG47: =IF($A47="","",IF(OR($Q47="Converted",$Q47="Closed",$Q47="Lost"),"No","Yes")) -> Yes | AH47: =IF($A47="","",IF($Q47="Converted","Yes","No")) -> No | AI47: =IF($A47="","",IF(OR($U47="Overdue",$U47="Due Today"),"Yes","No")) -> No
A48: 47 | B48: 46264 | C48: Nandi Tours & Travels | D48: Hiren Raval | E48: 8200853156; 9687576959 | F48: nandi@toursandtravels.com | G48: Ahmedabad | H48: India | I48: India | J48: Service | K48: Other Services | L48: General Services | N48: Event/Expo | O48: Aastha | P48: Cold | Q48: New | R48: Not Started | U48: =IF($A48="","",IF(OR($Q48="Converted",$Q48="Closed",$Q48="Lost"),"Completed",IF($T48="","Not Scheduled",IF($T48<TODAY(),"Overdue",IF($T48=TODAY(),"Due Today","Upcoming"))))) -> Not Scheduled | AA48: =IF($A48="","",IFERROR($Y48*$Z48,0)) -> 0 | AE48: =IF($B48="","",DATE(YEAR($B48),MONTH($B48),1)) -> 46235 | AF48: =IF($AB48="","",DATE(YEAR($AB48),MONTH($AB48),1)) | AG48: =IF($A48="","",IF(OR($Q48="Converted",$Q48="Closed",$Q48="Lost"),"No","Yes")) -> Yes | AH48: =IF($A48="","",IF($Q48="Converted","Yes","No")) -> No | AI48: =IF($A48="","",IF(OR($U48="Overdue",$U48="Due Today"),"Yes","No")) -> No
A49: 48 | B49: 46264 | C49: Madhav Plastomech Pvt. Ltd. | D49: Perish Nasit (Sales Executive) | E49: 9879252126 | F49: sales@madhavplastomech.com | G49: Ahmedabad | H49: India | I49: India | J49: Service | K49: Manufacturing | L49: Manufacturing | N49: Event/Expo | O49: Aastha | P49: Cold | Q49: New | R49: Not Started | U49: =IF($A49="","",IF(OR($Q49="Converted",$Q49="Closed",$Q49="Lost"),"Completed",IF($T49="","Not Scheduled",IF($T49<TODAY(),"Overdue",IF($T49=TODAY(),"Due Today","Upcoming"))))) -> Not Scheduled | AA49: =IF($A49="","",IFERROR($Y49*$Z49,0)) -> 0 | AE49: =IF($B49="","",DATE(YEAR($B49),MONTH($B49),1)) -> 46235 | AF49: =IF($AB49="","",DATE(YEAR($AB49),MONTH($AB49),1)) | AG49: =IF($A49="","",IF(OR($Q49="Converted",$Q49="Closed",$Q49="Lost"),"No","Yes")) -> Yes | AH49: =IF($A49="","",IF($Q49="Converted","Yes","No")) -> No | AI49: =IF($A49="","",IF(OR($U49="Overdue",$U49="Due Today"),"Yes","No")) -> No
A50: 49 | B50: 46264 | C50: Konica Minolta Business Solutions India Pvt. Ltd. | D50: Yatin Gulati (Business Development Manager) | E50: 9319285303 | F50: yatin.gulati@konicaminolta.com | G50: Gurgaon | H50: India | I50: India | J50: Service | K50: Other Services | L50: General Services | N50: Event/Expo | O50: Aastha | P50: Cold | Q50: New | R50: Not Started | U50: =IF($A50="","",IF(OR($Q50="Converted",$Q50="Closed",$Q50="Lost"),"Completed",IF($T50="","Not Scheduled",IF($T50<TODAY(),"Overdue",IF($T50=TODAY(),"Due Today","Upcoming"))))) -> Not Scheduled | AA50: =IF($A50="","",IFERROR($Y50*$Z50,0)) -> 0 | AE50: =IF($B50="","",DATE(YEAR($B50),MONTH($B50),1)) -> 46235 | AF50: =IF($AB50="","",DATE(YEAR($AB50),MONTH($AB50),1)) | AG50: =IF($A50="","",IF(OR($Q50="Converted",$Q50="Closed",$Q50="Lost"),"No","Yes")) -> Yes | AH50: =IF($A50="","",IF($Q50="Converted","Yes","No")) -> No | AI50: =IF($A50="","",IF(OR($U50="Overdue",$U50="Due Today"),"Yes","No")) -> No
A51: 50 | B51: 46264 | C51: Malhari Projects Pvt. Ltd. | D51: Vaibhav Patel / Dhruv Chauhan / Mihir Dixit | E51: 99788 31112; 81402 22477 | F51: sales@malhariprojects.com; info@malhariprojects.com | G51: Ahmedabad | H51: India | I51: India | J51: Service | K51: Other Services | L51: General Services | N51: Event/Expo | O51: Aastha | P51: Cold | Q51: New | R51: Not Started | U51: =IF($A51="","",IF(OR($Q51="Converted",$Q51="Closed",$Q51="Lost"),"Completed",IF($T51="","Not Scheduled",IF($T51<TODAY(),"Overdue",IF($T51=TODAY(),"Due Today","Upcoming"))))) -> Not Scheduled | AA51: =IF($A51="","",IFERROR($Y51*$Z51,0)) -> 0 | AE51: =IF($B51="","",DATE(YEAR($B51),MONTH($B51),1)) -> 46235 | AF51: =IF($AB51="","",DATE(YEAR($AB51),MONTH($AB51),1)) | AG51: =IF($A51="","",IF(OR($Q51="Converted",$Q51="Closed",$Q51="Lost"),"No","Yes")) -> Yes | AH51: =IF($A51="","",IF($Q51="Converted","Yes","No")) -> No | AI51: =IF($A51="","",IF(OR($U51="Overdue",$U51="Due Today"),"Yes","No")) -> No
A52: 51 | B52: 46264 | C52: Dandekar (HVACR) System | D52: Roshni Panchal | E52: 9426472954 | F52: dandekarhvacrsystem@hotmail.com; dandekarsons@hotmail.com | G52: Vadodara | H52: India | I52: India | J52: Service | K52: Healthcare | L52: Other Healthcare | N52: Event/Expo | O52: Aastha | P52: Cold | Q52: New | R52: Not Started | U52: =IF($A52="","",IF(OR($Q52="Converted",$Q52="Closed",$Q52="Lost"),"Completed",IF($T52="","Not Scheduled",IF($T52<TODAY(),"Overdue",IF($T52=TODAY(),"Due Today","Upcoming"))))) -> Not Scheduled | AA52: =IF($A52="","",IFERROR($Y52*$Z52,0)) -> 0 | AE52: =IF($B52="","",DATE(YEAR($B52),MONTH($B52),1)) -> 46235 | AF52: =IF($AB52="","",DATE(YEAR($AB52),MONTH($AB52),1)) | AG52: =IF($A52="","",IF(OR($Q52="Converted",$Q52="Closed",$Q52="Lost"),"No","Yes")) -> Yes | AH52: =IF($A52="","",IF($Q52="Converted","Yes","No")) -> No | AI52: =IF($A52="","",IF(OR($U52="Overdue",$U52="Due Today"),"Yes","No")) -> No
A53: 52 | B53: 46264 | C53: Ramdoot Packaging | D53: Design Team | E53: 9601349884; 8238139002 | F53: ramdootpackaging@gmail.com | G53: Kalol | H53: India | I53: India | J53: Service | K53: Manufacturing | L53: Manufacturing | N53: Event/Expo | O53: Aastha | P53: Cold | Q53: New | R53: Not Started | U53: =IF($A53="","",IF(OR($Q53="Converted",$Q53="Closed",$Q53="Lost"),"Completed",IF($T53="","Not Scheduled",IF($T53<TODAY(),"Overdue",IF($T53=TODAY(),"Due Today","Upcoming"))))) -> Not Scheduled | AA53: =IF($A53="","",IFERROR($Y53*$Z53,0)) -> 0 | AE53: =IF($B53="","",DATE(YEAR($B53),MONTH($B53),1)) -> 46235 | AF53: =IF($AB53="","",DATE(YEAR($AB53),MONTH($AB53),1)) | AG53: =IF($A53="","",IF(OR($Q53="Converted",$Q53="Closed",$Q53="Lost"),"No","Yes")) -> Yes | AH53: =IF($A53="","",IF($Q53="Converted","Yes","No")) -> No | AI53: =IF($A53="","",IF(OR($U53="Overdue",$U53="Due Today"),"Yes","No")) -> No
A54: 53 | B54: 46267 | C54: Adilinf | D54: Brijesh Chodavadiya (CEO & Founder) | E54: 9428362964 | F54: brijesh.chodavadiya@adilinf.co.in | G54: Ahmedabad | H54: India | I54: India | J54: Service | K54: Healthcare | L54: Pharma | N54: Event/Expo | O54: Aastha | P54: Cold | Q54: New | R54: Not Started | U54: =IF($A54="","",IF(OR($Q54="Converted",$Q54="Closed",$Q54="Lost"),"Completed",IF($T54="","Not Scheduled",IF($T54<TODAY(),"Overdue",IF($T54=TODAY(),"Due Today","Upcoming"))))) -> Not Scheduled | AA54: =IF($A54="","",IFERROR($Y54*$Z54,0)) -> 0 | AE54: =IF($B54="","",DATE(YEAR($B54),MONTH($B54),1)) -> 46266 | AF54: =IF($AB54="","",DATE(YEAR($AB54),MONTH($AB54),1)) | AG54: =IF($A54="","",IF(OR($Q54="Converted",$Q54="Closed",$Q54="Lost"),"No","Yes")) -> Yes | AH54: =IF($A54="","",IF($Q54="Converted","Yes","No")) -> No | AI54: =IF($A54="","",IF(OR($U54="Overdue",$U54="Due Today"),"Yes","No")) -> No
A55: 54 | B55: 46267 | C55: Spares House | D55: Unnati Sonawane (Founder) | E55: 9574854812; 7434945262 | F55: spareshouse2107@gmail.com | G55: Ahmedabad | H55: India | I55: India | J55: Service | K55: Healthcare | L55: Other Healthcare | N55: Event/Expo | O55: Aastha | P55: Cold | Q55: New | R55: Not Started | U55: =IF($A55="","",IF(OR($Q55="Converted",$Q55="Closed",$Q55="Lost"),"Completed",IF($T55="","Not Scheduled",IF($T55<TODAY(),"Overdue",IF($T55=TODAY(),"Due Today","Upcoming"))))) -> Not Scheduled | AA55: =IF($A55="","",IFERROR($Y55*$Z55,0)) -> 0 | AE55: =IF($B55="","",DATE(YEAR($B55),MONTH($B55),1)) -> 46266 | AF55: =IF($AB55="","",DATE(YEAR($AB55),MONTH($AB55),1)) | AG55: =IF($A55="","",IF(OR($Q55="Converted",$Q55="Closed",$Q55="Lost"),"No","Yes")) -> Yes | AH55: =IF($A55="","",IF($Q55="Converted","Yes","No")) -> No | AI55: =IF($A55="","",IF(OR($U55="Overdue",$U55="Due Today"),"Yes","No")) -> No
A56: 55 | B56: 46267 | C56: PROSMIT (by SMIT Digital Marketing Pvt Ltd) | D56: Amish S. (Director) | E56: 9033008020; 8866008020 | F56: sales@prosmit.in; amish@smit.co.in | G56: Ahmedabad | H56: India | I56: India | J56: Service | K56: Other Services | L56: General Services | N56: Event/Expo | O56: Aastha | P56: Cold | Q56: New | R56: Not Started | U56: =IF($A56="","",IF(OR($Q56="Converted",$Q56="Closed",$Q56="Lost"),"Completed",IF($T56="","Not Scheduled",IF($T56<TODAY(),"Overdue",IF($T56=TODAY(),"Due Today","Upcoming"))))) -> Not Scheduled | AA56: =IF($A56="","",IFERROR($Y56*$Z56,0)) -> 0 | AE56: =IF($B56="","",DATE(YEAR($B56),MONTH($B56),1)) -> 46266 | AF56: =IF($AB56="","",DATE(YEAR($AB56),MONTH($AB56),1)) | AG56: =IF($A56="","",IF(OR($Q56="Converted",$Q56="Closed",$Q56="Lost"),"No","Yes")) -> Yes | AH56: =IF($A56="","",IF($Q56="Converted","Yes","No")) -> No | AI56: =IF($A56="","",IF(OR($U56="Overdue",$U56="Due Today"),"Yes","No")) -> No
A57: 56 | B57: 46267 | C57: Ajwin / Light Hub | D57: Kishan Patel | E57: 9898419754 | G57: Ahmedabad | H57: India | I57: India | J57: Service | K57: Other Services | L57: Manufacturing | N57: Event/Expo | O57: Aastha | P57: Cold | Q57: New | R57: Not Started | U57: =IF($A57="","",IF(OR($Q57="Converted",$Q57="Closed",$Q57="Lost"),"Completed",IF($T57="","Not Scheduled",IF($T57<TODAY(),"Overdue",IF($T57=TODAY(),"Due Today","Upcoming"))))) -> Not Scheduled | AA57: =IF($A57="","",IFERROR($Y57*$Z57,0)) -> 0 | AE57: =IF($B57="","",DATE(YEAR($B57),MONTH($B57),1)) -> 46266 | AF57: =IF($AB57="","",DATE(YEAR($AB57),MONTH($AB57),1)) | AG57: =IF($A57="","",IF(OR($Q57="Converted",$Q57="Closed",$Q57="Lost"),"No","Yes")) -> Yes | AH57: =IF($A57="","",IF($Q57="Converted","Yes","No")) -> No | AI57: =IF($A57="","",IF(OR($U57="Overdue",$U57="Due Today"),"Yes","No")) -> No
A58: 57 | B58: 46267 | C58: iSiemens Industries Private Limited | D58: Ritu Patel (Sales Executive) | E58: 9898497526 | F58: salesisiemensahmedabad@gmail.com | G58: Ahmedabad | H58: India | I58: India | J58: Service | K58: Manufacturing | L58: Manufacturing | N58: Event/Expo | O58: Aastha | P58: Cold | Q58: New | R58: Not Started | U58: =IF($A58="","",IF(OR($Q58="Converted",$Q58="Closed",$Q58="Lost"),"Completed",IF($T58="","Not Scheduled",IF($T58<TODAY(),"Overdue",IF($T58=TODAY(),"Due Today","Upcoming"))))) -> Not Scheduled | AA58: =IF($A58="","",IFERROR($Y58*$Z58,0)) -> 0 | AE58: =IF($B58="","",DATE(YEAR($B58),MONTH($B58),1)) -> 46266 | AF58: =IF($AB58="","",DATE(YEAR($AB58),MONTH($AB58),1)) | AG58: =IF($A58="","",IF(OR($Q58="Converted",$Q58="Closed",$Q58="Lost"),"No","Yes")) -> Yes | AH58: =IF($A58="","",IF($Q58="Converted","Yes","No")) -> No | AI58: =IF($A58="","",IF(OR($U58="Overdue",$U58="Due Today"),"Yes","No")) -> No
A59: 58 | B59: 46267 | C59: The Food's Life (TFL) / United Nutritions | D59: Mr. Vishal Prajapati (BDE) | E59: 6352807509 | F59: info.thefoodslife@gmail.com | G59: Vadodara | H59: India | I59: India | J59: Service | K59: Manufacturing | L59: Manufacturing | N59: Event/Expo | O59: Aastha | P59: Cold | Q59: New | R59: Not Started | U59: =IF($A59="","",IF(OR($Q59="Converted",$Q59="Closed",$Q59="Lost"),"Completed",IF($T59="","Not Scheduled",IF($T59<TODAY(),"Overdue",IF($T59=TODAY(),"Due Today","Upcoming"))))) -> Not Scheduled | AA59: =IF($A59="","",IFERROR($Y59*$Z59,0)) -> 0 | AE59: =IF($B59="","",DATE(YEAR($B59),MONTH($B59),1)) -> 46266 | AF59: =IF($AB59="","",DATE(YEAR($AB59),MONTH($AB59),1)) | AG59: =IF($A59="","",IF(OR($Q59="Converted",$Q59="Closed",$Q59="Lost"),"No","Yes")) -> Yes | AH59: =IF($A59="","",IF($Q59="Converted","Yes","No")) -> No | AI59: =IF($A59="","",IF(OR($U59="Overdue",$U59="Due Today"),"Yes","No")) -> No
A60: 59 | B60: 46267 | C60: Bhajan InfraTech Pvt. Ltd. | D60: Dhaval Khemi (Managing Director) | E60: 9725001300 | F60: mail@bhajanec.com | G60: Surat / Ahmedabad | H60: India | I60: India | J60: Service | K60: Other Services | L60: General Services | N60: Event/Expo | O60: Aastha | P60: Cold | Q60: New | R60: Not Started | U60: =IF($A60="","",IF(OR($Q60="Converted",$Q60="Closed",$Q60="Lost"),"Completed",IF($T60="","Not Scheduled",IF($T60<TODAY(),"Overdue",IF($T60=TODAY(),"Due Today","Upcoming"))))) -> Not Scheduled | AA60: =IF($A60="","",IFERROR($Y60*$Z60,0)) -> 0 | AE60: =IF($B60="","",DATE(YEAR($B60),MONTH($B60),1)) -> 46266 | AF60: =IF($AB60="","",DATE(YEAR($AB60),MONTH($AB60),1)) | AG60: =IF($A60="","",IF(OR($Q60="Converted",$Q60="Closed",$Q60="Lost"),"No","Yes")) -> Yes | AH60: =IF($A60="","",IF($Q60="Converted","Yes","No")) -> No | AI60: =IF($A60="","",IF(OR($U60="Overdue",$U60="Due Today"),"Yes","No")) -> No
A61: 60 | B61: 46267 | C61: PAIous Advisors | D61: Dr. Jigar Pancholi (Patent & Trademark Agent; TTO Professional) | E61: 7030281801 | F61: info@paious.com; drjigarpancholi81@gmail.com | G61: Ahmedabad | H61: India | I61: India | J61: Service | K61: Other Services | L61: General Services | N61: Event/Expo | O61: Aastha | P61: Cold | Q61: New | R61: Not Started | U61: =IF($A61="","",IF(OR($Q61="Converted",$Q61="Closed",$Q61="Lost"),"Completed",IF($T61="","Not Scheduled",IF($T61<TODAY(),"Overdue",IF($T61=TODAY(),"Due Today","Upcoming"))))) -> Not Scheduled | AA61: =IF($A61="","",IFERROR($Y61*$Z61,0)) -> 0 | AE61: =IF($B61="","",DATE(YEAR($B61),MONTH($B61),1)) -> 46266 | AF61: =IF($AB61="","",DATE(YEAR($AB61),MONTH($AB61),1)) | AG61: =IF($A61="","",IF(OR($Q61="Converted",$Q61="Closed",$Q61="Lost"),"No","Yes")) -> Yes | AH61: =IF($A61="","",IF($Q61="Converted","Yes","No")) -> No | AI61: =IF($A61="","",IF(OR($U61="Overdue",$U61="Due Today"),"Yes","No")) -> No
A62: 61 | B62: 46267 | C62: JP Enterprise | D62: Jatin Patel | E62: 7600825011 | F62: jatinpatel3187@gmail.com | G62: Ahmedabad / Chhatral | H62: India | I62: India | J62: Service | K62: Manufacturing | L62: Manufacturing | N62: Event/Expo | O62: Aastha | P62: Cold | Q62: New | R62: Not Started | U62: =IF($A62="","",IF(OR($Q62="Converted",$Q62="Closed",$Q62="Lost"),"Completed",IF($T62="","Not Scheduled",IF($T62<TODAY(),"Overdue",IF($T62=TODAY(),"Due Today","Upcoming"))))) -> Not Scheduled | AA62: =IF($A62="","",IFERROR($Y62*$Z62,0)) -> 0 | AE62: =IF($B62="","",DATE(YEAR($B62),MONTH($B62),1)) -> 46266 | AF62: =IF($AB62="","",DATE(YEAR($AB62),MONTH($AB62),1)) | AG62: =IF($A62="","",IF(OR($Q62="Converted",$Q62="Closed",$Q62="Lost"),"No","Yes")) -> Yes | AH62: =IF($A62="","",IF($Q62="Converted","Yes","No")) -> No | AI62: =IF($A62="","",IF(OR($U62="Overdue",$U62="Due Today"),"Yes","No")) -> No
A63: 62 | B63: 46267 | C63: Newtech Engineers | D63: Siddharth Panchal / Narambhai Panchal | E63: 8740814449; 9998678321; 9988217647 | F63: sales@newtechfurniture.com | G63: Vadodara | H63: India | I63: India | J63: Service | K63: Manufacturing | L63: Manufacturing | N63: Event/Expo | O63: Aastha | P63: Cold | Q63: New | R63: Not Started | U63: =IF($A63="","",IF(OR($Q63="Converted",$Q63="Closed",$Q63="Lost"),"Completed",IF($T63="","Not Scheduled",IF($T63<TODAY(),"Overdue",IF($T63=TODAY(),"Due Today","Upcoming"))))) -> Not Scheduled | AA63: =IF($A63="","",IFERROR($Y63*$Z63,0)) -> 0 | AE63: =IF($B63="","",DATE(YEAR($B63),MONTH($B63),1)) -> 46266 | AF63: =IF($AB63="","",DATE(YEAR($AB63),MONTH($AB63),1)) | AG63: =IF($A63="","",IF(OR($Q63="Converted",$Q63="Closed",$Q63="Lost"),"No","Yes")) -> Yes | AH63: =IF($A63="","",IF($Q63="Converted","Yes","No")) -> No | AI63: =IF($A63="","",IF(OR($U63="Overdue",$U63="Due Today"),"Yes","No")) -> No
A64: 63 | B64: 46267 | C64: NEO India Lifeline Private Limited | D64: Khevna Maniar (HR Manager) | E64: 9898107362 | F64: khevna.maniar@neohealthgroup.com | G64: Ahmedabad | H64: India | I64: India | J64: Service | K64: Healthcare | L64: Pharma | N64: Event/Expo | O64: Aastha | P64: Cold | Q64: New | R64: Not Started | U64: =IF($A64="","",IF(OR($Q64="Converted",$Q64="Closed",$Q64="Lost"),"Completed",IF($T64="","Not Scheduled",IF($T64<TODAY(),"Overdue",IF($T64=TODAY(),"Due Today","Upcoming"))))) -> Not Scheduled | AA64: =IF($A64="","",IFERROR($Y64*$Z64,0)) -> 0 | AE64: =IF($B64="","",DATE(YEAR($B64),MONTH($B64),1)) -> 46266 | AF64: =IF($AB64="","",DATE(YEAR($AB64),MONTH($AB64),1)) | AG64: =IF($A64="","",IF(OR($Q64="Converted",$Q64="Closed",$Q64="Lost"),"No","Yes")) -> Yes | AH64: =IF($A64="","",IF($Q64="Converted","Yes","No")) -> No | AI64: =IF($A64="","",IF(OR($U64="Overdue",$U64="Due Today"),"Yes","No")) -> No
A65: 64 | B65: 46267 | C65: airX | D65: Urvish Mandaliya (Marketing Associate) | E65: 777916898 | F65: urvish@airxwellness.com | H65: India | I65: India | J65: Service | K65: Healthcare | L65: Other Healthcare | N65: Event/Expo | O65: Aastha | P65: Cold | Q65: New | R65: Not Started | U65: =IF($A65="","",IF(OR($Q65="Converted",$Q65="Closed",$Q65="Lost"),"Completed",IF($T65="","Not Scheduled",IF($T65<TODAY(),"Overdue",IF($T65=TODAY(),"Due Today","Upcoming"))))) -> Not Scheduled | AA65: =IF($A65="","",IFERROR($Y65*$Z65,0)) -> 0 | AE65: =IF($B65="","",DATE(YEAR($B65),MONTH($B65),1)) -> 46266 | AF65: =IF($AB65="","",DATE(YEAR($AB65),MONTH($AB65),1)) | AG65: =IF($A65="","",IF(OR($Q65="Converted",$Q65="Closed",$Q65="Lost"),"No","Yes")) -> Yes | AH65: =IF($A65="","",IF($Q65="Converted","Yes","No")) -> No | AI65: =IF($A65="","",IF(OR($U65="Overdue",$U65="Due Today"),"Yes","No")) -> No
A66: 65 | B66: 46267 | C66: Fabi Iron Engineers Pvt. Ltd. | D66: Adarsh Dudhat (Director) / Vinubhai Dudhat (Director) | E66: 9712122320; 825049949 | F66: fabiron@yahoo.com | G66: Ahmedabad | H66: India | I66: India | J66: Service | K66: Manufacturing | L66: Manufacturing | N66: Event/Expo | O66: Aastha | P66: Cold | Q66: New | R66: Not Started | U66: =IF($A66="","",IF(OR($Q66="Converted",$Q66="Closed",$Q66="Lost"),"Completed",IF($T66="","Not Scheduled",IF($T66<TODAY(),"Overdue",IF($T66=TODAY(),"Due Today","Upcoming"))))) -> Not Scheduled | AA66: =IF($A66="","",IFERROR($Y66*$Z66,0)) -> 0 | AE66: =IF($B66="","",DATE(YEAR($B66),MONTH($B66),1)) -> 46266 | AF66: =IF($AB66="","",DATE(YEAR($AB66),MONTH($AB66),1)) | AG66: =IF($A66="","",IF(OR($Q66="Converted",$Q66="Closed",$Q66="Lost"),"No","Yes")) -> Yes | AH66: =IF($A66="","",IF($Q66="Converted","Yes","No")) -> No | AI66: =IF($A66="","",IF(OR($U66="Overdue",$U66="Due Today"),"Yes","No")) -> No
A67: 66 | B67: 46267 | C67: JP Perfumery Works Private Limited | D67: Haresh K. Buddhdev / Hardik H. Buddhdev / Akash H. Buddhdev / Yash H. Buddhdev | E67: 93759 27106; 9974402605; 9825746462; 9428242724 | F67: info@jpperfumery.com | G67: Vadodara | H67: India | I67: India | J67: Service | K67: Manufacturing | L67: Manufacturing | N67: Event/Expo | O67: Aastha | P67: Cold | Q67: New | R67: Not Started | U67: =IF($A67="","",IF(OR($Q67="Converted",$Q67="Closed",$Q67="Lost"),"Completed",IF($T67="","Not Scheduled",IF($T67<TODAY(),"Overdue",IF($T67=TODAY(),"Due Today","Upcoming"))))) -> Not Scheduled | AA67: =IF($A67="","",IFERROR($Y67*$Z67,0)) -> 0 | AE67: =IF($B67="","",DATE(YEAR($B67),MONTH($B67),1)) -> 46266 | AF67: =IF($AB67="","",DATE(YEAR($AB67),MONTH($AB67),1)) | AG67: =IF($A67="","",IF(OR($Q67="Converted",$Q67="Closed",$Q67="Lost"),"No","Yes")) -> Yes | AH67: =IF($A67="","",IF($Q67="Converted","Yes","No")) -> No | AI67: =IF($A67="","",IF(OR($U67="Overdue",$U67="Due Today"),"Yes","No")) -> No
A68: 67 | B68: 46267 | C68: Notion Electronics Pvt. Ltd. | D68: Pooja Bhavsar | E68: 9512711349; 9824679970; 9727679970; 9825879970 | F68: sales@notionelectronics.com | G68: Ahmedabad | H68: India | I68: India | J68: Service | K68: Manufacturing | L68: Manufacturing | N68: Event/Expo | O68: Aastha | P68: Cold | Q68: New | R68: Not Started | U68: =IF($A68="","",IF(OR($Q68="Converted",$Q68="Closed",$Q68="Lost"),"Completed",IF($T68="","Not Scheduled",IF($T68<TODAY(),"Overdue",IF($T68=TODAY(),"Due Today","Upcoming"))))) -> Not Scheduled | AA68: =IF($A68="","",IFERROR($Y68*$Z68,0)) -> 0 | AE68: =IF($B68="","",DATE(YEAR($B68),MONTH($B68),1)) -> 46266 | AF68: =IF($AB68="","",DATE(YEAR($AB68),MONTH($AB68),1)) | AG68: =IF($A68="","",IF(OR($Q68="Converted",$Q68="Closed",$Q68="Lost"),"No","Yes")) -> Yes | AH68: =IF($A68="","",IF($Q68="Converted","Yes","No")) -> No | AI68: =IF($A68="","",IF(OR($U68="Overdue",$U68="Due Today"),"Yes","No")) -> No
A69: 68 | B69: 46267 | C69: MPRS Group of Companies | D69: Sapan Shah (Branch Manager) | E69: 9892365844 | F69: sapan.shah@mprshipping.com | G69: Ahmedabad / Mumbai | H69: India | I69: India | J69: Service | K69: Manufacturing | L69: Manufacturing | N69: Event/Expo | O69: Aastha | P69: Cold | Q69: New | R69: Not Started | U69: =IF($A69="","",IF(OR($Q69="Converted",$Q69="Closed",$Q69="Lost"),"Completed",IF($T69="","Not Scheduled",IF($T69<TODAY(),"Overdue",IF($T69=TODAY(),"Due Today","Upcoming"))))) -> Not Scheduled | AA69: =IF($A69="","",IFERROR($Y69*$Z69,0)) -> 0 | AE69: =IF($B69="","",DATE(YEAR($B69),MONTH($B69),1)) -> 46266 | AF69: =IF($AB69="","",DATE(YEAR($AB69),MONTH($AB69),1)) | AG69: =IF($A69="","",IF(OR($Q69="Converted",$Q69="Closed",$Q69="Lost"),"No","Yes")) -> Yes | AH69: =IF($A69="","",IF($Q69="Converted","Yes","No")) -> No | AI69: =IF($A69="","",IF(OR($U69="Overdue",$U69="Due Today"),"Yes","No")) -> No
A70: 69 | B70: 46267 | C70: MindQuad | D70: Manthan Parmar (Client Success Specialist) | E70: 9213015680 | F70: manthan.p@mindquad.com | G70: Ahmedabad | H70: India | I70: India | J70: Service | K70: Other Services | L70: General Services | N70: Event/Expo | O70: Aastha | P70: Hot | Q70: Closed | R70: Not Started | U70: =IF($A70="","",IF(OR($Q70="Converted",$Q70="Closed",$Q70="Lost"),"Completed",IF($T70="","Not Scheduled",IF($T70<TODAY(),"Overdue",IF($T70=TODAY(),"Due Today","Upcoming"))))) -> Completed | AA70: =IF($A70="","",IFERROR($Y70*$Z70,0)) -> 0 | AE70: =IF($B70="","",DATE(YEAR($B70),MONTH($B70),1)) -> 46266 | AF70: =IF($AB70="","",DATE(YEAR($AB70),MONTH($AB70),1)) | AG70: =IF($A70="","",IF(OR($Q70="Converted",$Q70="Closed",$Q70="Lost"),"No","Yes")) -> No | AH70: =IF($A70="","",IF($Q70="Converted","Yes","No")) -> No | AI70: =IF($A70="","",IF(OR($U70="Overdue",$U70="Due Today"),"Yes","No")) -> No
A71: 70 | B71: 46267 | C71: United Nutritions | D71: Mr. Jainal Kothari (BDE) | E71: 635280748 | F71: sales.unitednutri@gmail.com | G71: Vadodara | H71: India | I71: India | J71: Service | K71: Manufacturing | L71: Manufacturing | N71: Event/Expo | O71: Aastha | P71: Cold | Q71: New | R71: Not Started | U71: =IF($A71="","",IF(OR($Q71="Converted",$Q71="Closed",$Q71="Lost"),"Completed",IF($T71="","Not Scheduled",IF($T71<TODAY(),"Overdue",IF($T71=TODAY(),"Due Today","Upcoming"))))) -> Not Scheduled | AA71: =IF($A71="","",IFERROR($Y71*$Z71,0)) -> 0 | AE71: =IF($B71="","",DATE(YEAR($B71),MONTH($B71),1)) -> 46266 | AF71: =IF($AB71="","",DATE(YEAR($AB71),MONTH($AB71),1)) | AG71: =IF($A71="","",IF(OR($Q71="Converted",$Q71="Closed",$Q71="Lost"),"No","Yes")) -> Yes | AH71: =IF($A71="","",IF($Q71="Converted","Yes","No")) -> No | AI71: =IF($A71="","",IF(OR($U71="Overdue",$U71="Due Today"),"Yes","No")) -> No
A72: 71 | B72: 46267 | C72: Paramount Corporation Inc | D72: Payal Panchal (Manager) | E72: 9965038038 | F72: mail@paramountcorp.co.in | G72: Ahmedabad / Mumbai | H72: India | I72: India | J72: Service | K72: Manufacturing | L72: Manufacturing | N72: Event/Expo | O72: Aastha | P72: Cold | Q72: New | R72: Not Started | U72: =IF($A72="","",IF(OR($Q72="Converted",$Q72="Closed",$Q72="Lost"),"Completed",IF($T72="","Not Scheduled",IF($T72<TODAY(),"Overdue",IF($T72=TODAY(),"Due Today","Upcoming"))))) -> Not Scheduled | AA72: =IF($A72="","",IFERROR($Y72*$Z72,0)) -> 0 | AE72: =IF($B72="","",DATE(YEAR($B72),MONTH($B72),1)) -> 46266 | AF72: =IF($AB72="","",DATE(YEAR($AB72),MONTH($AB72),1)) | AG72: =IF($A72="","",IF(OR($Q72="Converted",$Q72="Closed",$Q72="Lost"),"No","Yes")) -> Yes | AH72: =IF($A72="","",IF($Q72="Converted","Yes","No")) -> No | AI72: =IF($A72="","",IF(OR($U72="Overdue",$U72="Due Today"),"Yes","No")) -> No
A73: 72 | B73: 46267 | C73: ICH DIEN WELLNESS / ICH DIEN Nutraceutical | D73: Patel Priyen | E73: 9327000673 | F73: ichdienwellness1970@gmail.com; ichdienwellness.export@gmail.com | G73: Palanpur | H73: India | I73: India | J73: Service | K73: Healthcare | L73: Pharma | N73: Event/Expo | O73: Aastha | P73: Cold | Q73: New | R73: Not Started | U73: =IF($A73="","",IF(OR($Q73="Converted",$Q73="Closed",$Q73="Lost"),"Completed",IF($T73="","Not Scheduled",IF($T73<TODAY(),"Overdue",IF($T73=TODAY(),"Due Today","Upcoming"))))) -> Not Scheduled | AA73: =IF($A73="","",IFERROR($Y73*$Z73,0)) -> 0 | AE73: =IF($B73="","",DATE(YEAR($B73),MONTH($B73),1)) -> 46266 | AF73: =IF($AB73="","",DATE(YEAR($AB73),MONTH($AB73),1)) | AG73: =IF($A73="","",IF(OR($Q73="Converted",$Q73="Closed",$Q73="Lost"),"No","Yes")) -> Yes | AH73: =IF($A73="","",IF($Q73="Converted","Yes","No")) -> No | AI73: =IF($A73="","",IF(OR($U73="Overdue",$U73="Due Today"),"Yes","No")) -> No
A74: 73 | B74: 46267 | C74: MSC NUTRA | D74: Chandana K B (Sales and Marketing Executive) | E74: 9513681010 | F74: business@mscchemicals.co.in | G74: Bengaluru / Mumbai | H74: India | I74: India | J74: Service | K74: Manufacturing | L74: Manufacturing | N74: Event/Expo | O74: Aastha | P74: Cold | Q74: New | R74: Not Started | U74: =IF($A74="","",IF(OR($Q74="Converted",$Q74="Closed",$Q74="Lost"),"Completed",IF($T74="","Not Scheduled",IF($T74<TODAY(),"Overdue",IF($T74=TODAY(),"Due Today","Upcoming"))))) -> Not Scheduled | AA74: =IF($A74="","",IFERROR($Y74*$Z74,0)) -> 0 | AE74: =IF($B74="","",DATE(YEAR($B74),MONTH($B74),1)) -> 46266 | AF74: =IF($AB74="","",DATE(YEAR($AB74),MONTH($AB74),1)) | AG74: =IF($A74="","",IF(OR($Q74="Converted",$Q74="Closed",$Q74="Lost"),"No","Yes")) -> Yes | AH74: =IF($A74="","",IF($Q74="Converted","Yes","No")) -> No | AI74: =IF($A74="","",IF(OR($U74="Overdue",$U74="Due Today"),"Yes","No")) -> No
A75: 74 | B75: 46267 | C75: SAL Hospital | D75: Dipak Dasgupta (Hospital Administrator) | E75: 9586527057; 6357007130 | F75: dipak.dasgupta@sal.edu.in; salhospitalsciencecity@gmail.com | G75: Ahmedabad | H75: India | I75: India | J75: Service | K75: Healthcare | L75: Doctors | N75: Event/Expo | O75: Aastha | P75: Cold | Q75: New | R75: Not Started | U75: =IF($A75="","",IF(OR($Q75="Converted",$Q75="Closed",$Q75="Lost"),"Completed",IF($T75="","Not Scheduled",IF($T75<TODAY(),"Overdue",IF($T75=TODAY(),"Due Today","Upcoming"))))) -> Not Scheduled | AA75: =IF($A75="","",IFERROR($Y75*$Z75,0)) -> 0 | AE75: =IF($B75="","",DATE(YEAR($B75),MONTH($B75),1)) -> 46266 | AF75: =IF($AB75="","",DATE(YEAR($AB75),MONTH($AB75),1)) | AG75: =IF($A75="","",IF(OR($Q75="Converted",$Q75="Closed",$Q75="Lost"),"No","Yes")) -> Yes | AH75: =IF($A75="","",IF($Q75="Converted","Yes","No")) -> No | AI75: =IF($A75="","",IF(OR($U75="Overdue",$U75="Due Today"),"Yes","No")) -> No
A76: 75 | B76: 46267 | C76: ICH DIEN WELLNESS / ICH DIEN Nutraceutical | D76: Rajesh Agrawal (Marketing Manager) | E76: 7405375350 | G76: Ahmedabad / Palanpur | H76: India | I76: India | J76: Service | K76: Healthcare | L76: Pharma | N76: Event/Expo | O76: Aastha | P76: Hot | Q76: Negotiation | R76: Not Started | U76: =IF($A76="","",IF(OR($Q76="Converted",$Q76="Closed",$Q76="Lost"),"Completed",IF($T76="","Not Scheduled",IF($T76<TODAY(),"Overdue",IF($T76=TODAY(),"Due Today","Upcoming"))))) -> Not Scheduled | AA76: =IF($A76="","",IFERROR($Y76*$Z76,0)) -> 0 | AE76: =IF($B76="","",DATE(YEAR($B76),MONTH($B76),1)) -> 46266 | AF76: =IF($AB76="","",DATE(YEAR($AB76),MONTH($AB76),1)) | AG76: =IF($A76="","",IF(OR($Q76="Converted",$Q76="Closed",$Q76="Lost"),"No","Yes")) -> Yes | AH76: =IF($A76="","",IF($Q76="Converted","Yes","No")) -> No | AI76: =IF($A76="","",IF(OR($U76="Overdue",$U76="Due Today"),"Yes","No")) -> No
A77: 76 | B77: 46267 | C77: Religence Pharmaceuticals Private Limited | D77: Mohit Patel | E77: 9825966650; 9727173573 | F77: mohit@religence.in; info@religence.in | G77: Bhavnagar / Bharuch | H77: India | I77: India | J77: Service | K77: Healthcare | L77: Pharma | N77: Event/Expo | O77: Aastha | P77: Cold | Q77: New | R77: Not Started | U77: =IF($A77="","",IF(OR($Q77="Converted",$Q77="Closed",$Q77="Lost"),"Completed",IF($T77="","Not Scheduled",IF($T77<TODAY(),"Overdue",IF($T77=TODAY(),"Due Today","Upcoming"))))) -> Not Scheduled | AA77: =IF($A77="","",IFERROR($Y77*$Z77,0)) -> 0 | AE77: =IF($B77="","",DATE(YEAR($B77),MONTH($B77),1)) -> 46266 | AF77: =IF($AB77="","",DATE(YEAR($AB77),MONTH($AB77),1)) | AG77: =IF($A77="","",IF(OR($Q77="Converted",$Q77="Closed",$Q77="Lost"),"No","Yes")) -> Yes | AH77: =IF($A77="","",IF($Q77="Converted","Yes","No")) -> No | AI77: =IF($A77="","",IF(OR($U77="Overdue",$U77="Due Today"),"Yes","No")) -> No
A78: 77 | B78: 46267 | C78: Decefrag Pharmaceuticals | D78: Mahek Thakur (Global Sales Manager) | E78: 9924627787 | F78: mahek.thakur@decefragpharma.com; mahek.singh2204@gmail.com | G78: Ahmedabad | H78: India | I78: India | J78: Service | K78: Healthcare | L78: Pharma | N78: Event/Expo | O78: Aastha | P78: Cold | Q78: New | R78: Not Started | U78: =IF($A78="","",IF(OR($Q78="Converted",$Q78="Closed",$Q78="Lost"),"Completed",IF($T78="","Not Scheduled",IF($T78<TODAY(),"Overdue",IF($T78=TODAY(),"Due Today","Upcoming"))))) -> Not Scheduled | AA78: =IF($A78="","",IFERROR($Y78*$Z78,0)) -> 0 | AE78: =IF($B78="","",DATE(YEAR($B78),MONTH($B78),1)) -> 46266 | AF78: =IF($AB78="","",DATE(YEAR($AB78),MONTH($AB78),1)) | AG78: =IF($A78="","",IF(OR($Q78="Converted",$Q78="Closed",$Q78="Lost"),"No","Yes")) -> Yes | AH78: =IF($A78="","",IF($Q78="Converted","Yes","No")) -> No | AI78: =IF($A78="","",IF(OR($U78="Overdue",$U78="Due Today"),"Yes","No")) -> No
A79: 78 | B79: 46267 | C79: SmartCare Nutrition | D79: Huzefa Vanthliwala (Director) | E79: 9833286871 | F79: support@smartcarenutrition.in | G79: Andheri | H79: India | I79: India | J79: Service | K79: Healthcare | L79: Pharma | N79: Event/Expo | O79: Aastha | P79: Hot | Q79: Contacted | R79: Not Started | U79: =IF($A79="","",IF(OR($Q79="Converted",$Q79="Closed",$Q79="Lost"),"Completed",IF($T79="","Not Scheduled",IF($T79<TODAY(),"Overdue",IF($T79=TODAY(),"Due Today","Upcoming"))))) -> Not Scheduled | AA79: =IF($A79="","",IFERROR($Y79*$Z79,0)) -> 0 | AE79: =IF($B79="","",DATE(YEAR($B79),MONTH($B79),1)) -> 46266 | AF79: =IF($AB79="","",DATE(YEAR($AB79),MONTH($AB79),1)) | AG79: =IF($A79="","",IF(OR($Q79="Converted",$Q79="Closed",$Q79="Lost"),"No","Yes")) -> Yes | AH79: =IF($A79="","",IF($Q79="Converted","Yes","No")) -> No | AI79: =IF($A79="","",IF(OR($U79="Overdue",$U79="Due Today"),"Yes","No")) -> No
A80: 79 | B80: 46267 | C80: Mint Packaging | D80: Gaurav Agrawal / Pratik Agrawal | E80: 9099965517; 9687628803 | F80: gaurav@mintp.in | G80: Moraiya, Ahmedabad | H80: India | I80: India | J80: Service | K80: Manufacturing | L80: Manufacturing | N80: Event/Expo | O80: Aastha | P80: Hot | Q80: Contacted | R80: Not Started | U80: =IF($A80="","",IF(OR($Q80="Converted",$Q80="Closed",$Q80="Lost"),"Completed",IF($T80="","Not Scheduled",IF($T80<TODAY(),"Overdue",IF($T80=TODAY(),"Due Today","Upcoming"))))) -> Not Scheduled | AA80: =IF($A80="","",IFERROR($Y80*$Z80,0)) -> 0 | AE80: =IF($B80="","",DATE(YEAR($B80),MONTH($B80),1)) -> 46266 | AF80: =IF($AB80="","",DATE(YEAR($AB80),MONTH($AB80),1)) | AG80: =IF($A80="","",IF(OR($Q80="Converted",$Q80="Closed",$Q80="Lost"),"No","Yes")) -> Yes | AH80: =IF($A80="","",IF($Q80="Converted","Yes","No")) -> No | AI80: =IF($A80="","",IF(OR($U80="Overdue",$U80="Due Today"),"Yes","No")) -> No
A81: 80 | B81: 46267 | C81: Prem Green Private Limited | D81: Ashwin Patel (Deputy General Manager, R & D) | E81: 7374007777; 9509288840 | F81: ashwin.patel@premgreen.com | G81: Gandhinagar | H81: India | I81: India | J81: Service | K81: Manufacturing | L81: Manufacturing | N81: Event/Expo | O81: Aastha | P81: Hot | Q81: Qualified | R81: Not Started | U81: =IF($A81="","",IF(OR($Q81="Converted",$Q81="Closed",$Q81="Lost"),"Completed",IF($T81="","Not Scheduled",IF($T81<TODAY(),"Overdue",IF($T81=TODAY(),"Due Today","Upcoming"))))) -> Not Scheduled | AA81: =IF($A81="","",IFERROR($Y81*$Z81,0)) -> 0 | AE81: =IF($B81="","",DATE(YEAR($B81),MONTH($B81),1)) -> 46266 | AF81: =IF($AB81="","",DATE(YEAR($AB81),MONTH($AB81),1)) | AG81: =IF($A81="","",IF(OR($Q81="Converted",$Q81="Closed",$Q81="Lost"),"No","Yes")) -> Yes | AH81: =IF($A81="","",IF($Q81="Converted","Yes","No")) -> No | AI81: =IF($A81="","",IF(OR($U81="Overdue",$U81="Due Today"),"Yes","No")) -> No
A82: 81 | B82: 46267 | C82: MICRAH / Miorah | D82: Jigneshkumar G. Malakiya | E82: 7046197999; 9428081191 | F82: malakiyajignesh@miorah.biz | H82: India | I82: India | J82: Service | K82: Other Services | L82: General Services | N82: Event/Expo | O82: Aastha | P82: Cold | Q82: New | R82: Not Started | U82: =IF($A82="","",IF(OR($Q82="Converted",$Q82="Closed",$Q82="Lost"),"Completed",IF($T82="","Not Scheduled",IF($T82<TODAY(),"Overdue",IF($T82=TODAY(),"Due Today","Upcoming"))))) -> Not Scheduled | AA82: =IF($A82="","",IFERROR($Y82*$Z82,0)) -> 0 | AE82: =IF($B82="","",DATE(YEAR($B82),MONTH($B82),1)) -> 46266 | AF82: =IF($AB82="","",DATE(YEAR($AB82),MONTH($AB82),1)) | AG82: =IF($A82="","",IF(OR($Q82="Converted",$Q82="Closed",$Q82="Lost"),"No","Yes")) -> Yes | AH82: =IF($A82="","",IF($Q82="Converted","Yes","No")) -> No | AI82: =IF($A82="","",IF(OR($U82="Overdue",$U82="Due Today"),"Yes","No")) -> No
A83: 82 | B83: 46267 | C83: Connote Healthcare Pvt. Ltd. / Connote Group of Companies | D83: Shreyansh Prajapati (Sr. Executive - Regulatory Affairs) | E83: 6358190882 | F83: RA@Connotehealthcare.com | G83: Ahmedabad | H83: India | I83: India | J83: Service | K83: Other Services | L83: Pharma | N83: Event/Expo | O83: Aastha | P83: Hot | Q83: Qualified | R83: Follow-Up Complete | U83: Completed | AA83: =IF($A83="","",IFERROR($Y83*$Z83,0)) -> 0 | AE83: =IF($B83="","",DATE(YEAR($B83),MONTH($B83),1)) -> 46266 | AF83: =IF($AB83="","",DATE(YEAR($AB83),MONTH($AB83),1)) | AG83: =IF($A83="","",IF(OR($Q83="Converted",$Q83="Closed",$Q83="Lost"),"No","Yes")) -> Yes | AH83: =IF($A83="","",IF($Q83="Converted","Yes","No")) -> No | AI83: =IF($A83="","",IF(OR($U83="Overdue",$U83="Due Today"),"Yes","No")) -> No
A84: 83 | B84: 46267 | C84: Apexa Bhatt & Co. | D84: CA Apexa Bhatt (Proprietor) | E84: 9664708788 | F84: caapexabhatt@gmail.com | H84: India | I84: India | J84: Service | K84: Other Services | L84: General Services | N84: Event/Expo | O84: Aastha | P84: Cold | Q84: New | R84: Not Started | U84: =IF($A84="","",IF(OR($Q84="Converted",$Q84="Closed",$Q84="Lost"),"Completed",IF($T84="","Not Scheduled",IF($T84<TODAY(),"Overdue",IF($T84=TODAY(),"Due Today","Upcoming"))))) -> Not Scheduled | AA84: =IF($A84="","",IFERROR($Y84*$Z84,0)) -> 0 | AE84: =IF($B84="","",DATE(YEAR($B84),MONTH($B84),1)) -> 46266 | AF84: =IF($AB84="","",DATE(YEAR($AB84),MONTH($AB84),1)) | AG84: =IF($A84="","",IF(OR($Q84="Converted",$Q84="Closed",$Q84="Lost"),"No","Yes")) -> Yes | AH84: =IF($A84="","",IF($Q84="Converted","Yes","No")) -> No | AI84: =IF($A84="","",IF(OR($U84="Overdue",$U84="Due Today"),"Yes","No")) -> No
A85: 84 | B85: 46267 | C85: Prey Healthcare | D85: Ashish Patel | E85: 9725202772 | F85: preyhealthcare@gmail.com | G85: Virsad | H85: India | I85: India | J85: Service | K85: Healthcare | L85: Pharma | N85: Event/Expo | O85: Aastha | P85: Cold | Q85: New | R85: Not Started | U85: =IF($A85="","",IF(OR($Q85="Converted",$Q85="Closed",$Q85="Lost"),"Completed",IF($T85="","Not Scheduled",IF($T85<TODAY(),"Overdue",IF($T85=TODAY(),"Due Today","Upcoming"))))) -> Not Scheduled | AA85: =IF($A85="","",IFERROR($Y85*$Z85,0)) -> 0 | AE85: =IF($B85="","",DATE(YEAR($B85),MONTH($B85),1)) -> 46266 | AF85: =IF($AB85="","",DATE(YEAR($AB85),MONTH($AB85),1)) | AG85: =IF($A85="","",IF(OR($Q85="Converted",$Q85="Closed",$Q85="Lost"),"No","Yes")) -> Yes | AH85: =IF($A85="","",IF($Q85="Converted","Yes","No")) -> No | AI85: =IF($A85="","",IF(OR($U85="Overdue",$U85="Due Today"),"Yes","No")) -> No
A86: 85 | B86: 46267 | C86: Zyanorix Cyber Defeat Private Limited | D86: Mukesh Leuva | E86: 9898450170 | F86: mukesh.leuva@zyanorixcyberdefeat.com | G86: Gandhinagar | H86: India | I86: India | J86: Service | K86: Other Services | L86: General Services | N86: Event/Expo | O86: Aastha | P86: Cold | Q86: New | R86: Not Started | U86: =IF($A86="","",IF(OR($Q86="Converted",$Q86="Closed",$Q86="Lost"),"Completed",IF($T86="","Not Scheduled",IF($T86<TODAY(),"Overdue",IF($T86=TODAY(),"Due Today","Upcoming"))))) -> Not Scheduled | AA86: =IF($A86="","",IFERROR($Y86*$Z86,0)) -> 0 | AE86: =IF($B86="","",DATE(YEAR($B86),MONTH($B86),1)) -> 46266 | AF86: =IF($AB86="","",DATE(YEAR($AB86),MONTH($AB86),1)) | AG86: =IF($A86="","",IF(OR($Q86="Converted",$Q86="Closed",$Q86="Lost"),"No","Yes")) -> Yes | AH86: =IF($A86="","",IF($Q86="Converted","Yes","No")) -> No | AI86: =IF($A86="","",IF(OR($U86="Overdue",$U86="Due Today"),"Yes","No")) -> No
A87: 86 | B87: 46267 | C87: Beyond Healthcare | D87: Pitroda Smit (Director, M.E. Biomedical) | E87: 9428358182 | F87: beyondhealthcareindia@gmail.com | G87: Ahmedabad | H87: India | I87: India | J87: Service | K87: Healthcare | L87: Pharma | N87: Event/Expo | O87: Aastha | P87: Medium | Q87: New | R87: Not Started | U87: =IF($A87="","",IF(OR($Q87="Converted",$Q87="Closed",$Q87="Lost"),"Completed",IF($T87="","Not Scheduled",IF($T87<TODAY(),"Overdue",IF($T87=TODAY(),"Due Today","Upcoming"))))) -> Not Scheduled | AA87: =IF($A87="","",IFERROR($Y87*$Z87,0)) -> 0 | AE87: =IF($B87="","",DATE(YEAR($B87),MONTH($B87),1)) -> 46266 | AF87: =IF($AB87="","",DATE(YEAR($AB87),MONTH($AB87),1)) | AG87: =IF($A87="","",IF(OR($Q87="Converted",$Q87="Closed",$Q87="Lost"),"No","Yes")) -> Yes | AH87: =IF($A87="","",IF($Q87="Converted","Yes","No")) -> No | AI87: =IF($A87="","",IF(OR($U87="Overdue",$U87="Due Today"),"Yes","No")) -> No
A88: 87 | B88: 46267 | C88: AVINYA | D88: Manan Vyas (Founder & Director) | E88: 9426166486 | F88: vyasmanan01@gmail.com; connect@avinyaleather.com | H88: India | I88: India | J88: Service | K88: Other Products | L88: Other | N88: Event/Expo | O88: Aastha | P88: Cold | Q88: New | R88: Follow-Up Complete | U88: Completed | AA88: =IF($A88="","",IFERROR($Y88*$Z88,0)) -> 0 | AE88: =IF($B88="","",DATE(YEAR($B88),MONTH($B88),1)) -> 46266 | AF88: =IF($AB88="","",DATE(YEAR($AB88),MONTH($AB88),1)) | AG88: =IF($A88="","",IF(OR($Q88="Converted",$Q88="Closed",$Q88="Lost"),"No","Yes")) -> Yes | AH88: =IF($A88="","",IF($Q88="Converted","Yes","No")) -> No | AI88: =IF($A88="","",IF(OR($U88="Overdue",$U88="Due Today"),"Yes","No")) -> No
A89: 88 | B89: 46267 | C89: Grok Learning Pvt. Ltd. | D89: Ameet G. Parikh (Strategic Advisor) | E89: 98250 12301 | F89: ameet.parikh@grokstem.com | G89: Mumbai | H89: India | I89: India | J89: Service | K89: Other Services | L89: General Services | N89: Event/Expo | O89: Aastha | P89: Cold | Q89: New | R89: Not Started | U89: =IF($A89="","",IF(OR($Q89="Converted",$Q89="Closed",$Q89="Lost"),"Completed",IF($T89="","Not Scheduled",IF($T89<TODAY(),"Overdue",IF($T89=TODAY(),"Due Today","Upcoming"))))) -> Not Scheduled | AA89: =IF($A89="","",IFERROR($Y89*$Z89,0)) -> 0 | AE89: =IF($B89="","",DATE(YEAR($B89),MONTH($B89),1)) -> 46266 | AF89: =IF($AB89="","",DATE(YEAR($AB89),MONTH($AB89),1)) | AG89: =IF($A89="","",IF(OR($Q89="Converted",$Q89="Closed",$Q89="Lost"),"No","Yes")) -> Yes | AH89: =IF($A89="","",IF($Q89="Converted","Yes","No")) -> No | AI89: =IF($A89="","",IF(OR($U89="Overdue",$U89="Due Today"),"Yes","No")) -> No
A90: 89 | B90: 46267 | C90: SEVEN DOT | D90: Sunny Jani (Founder) | E90: 9913271211; 9324571211 | F90: sunny@sevendotproductions.com | G90: Ahmedabad | H90: India | I90: India | J90: Service | K90: Other Services | L90: General Services | N90: Event/Expo | O90: Aastha | P90: Cold | Q90: New | R90: Not Started | U90: =IF($A90="","",IF(OR($Q90="Converted",$Q90="Closed",$Q90="Lost"),"Completed",IF($T90="","Not Scheduled",IF($T90<TODAY(),"Overdue",IF($T90=TODAY(),"Due Today","Upcoming"))))) -> Not Scheduled | AA90: =IF($A90="","",IFERROR($Y90*$Z90,0)) -> 0 | AE90: =IF($B90="","",DATE(YEAR($B90),MONTH($B90),1)) -> 46266 | AF90: =IF($AB90="","",DATE(YEAR($AB90),MONTH($AB90),1)) | AG90: =IF($A90="","",IF(OR($Q90="Converted",$Q90="Closed",$Q90="Lost"),"No","Yes")) -> Yes | AH90: =IF($A90="","",IF($Q90="Converted","Yes","No")) -> No | AI90: =IF($A90="","",IF(OR($U90="Overdue",$U90="Due Today"),"Yes","No")) -> No
A91: 90 | B91: 46267 | C91: INREAN PHARMACEUTICAL | D91: Amol Indurkar (Director) | E91: 9713099555 | F91: amol@inrean.com | G91: Ahmedabad | H91: India | I91: India | J91: Service | K91: Healthcare | L91: Pharma | N91: Event/Expo | O91: Aastha | P91: Cold | Q91: New | R91: Not Started | U91: =IF($A91="","",IF(OR($Q91="Converted",$Q91="Closed",$Q91="Lost"),"Completed",IF($T91="","Not Scheduled",IF($T91<TODAY(),"Overdue",IF($T91=TODAY(),"Due Today","Upcoming"))))) -> Not Scheduled | AA91: =IF($A91="","",IFERROR($Y91*$Z91,0)) -> 0 | AE91: =IF($B91="","",DATE(YEAR($B91),MONTH($B91),1)) -> 46266 | AF91: =IF($AB91="","",DATE(YEAR($AB91),MONTH($AB91),1)) | AG91: =IF($A91="","",IF(OR($Q91="Converted",$Q91="Closed",$Q91="Lost"),"No","Yes")) -> Yes | AH91: =IF($A91="","",IF($Q91="Converted","Yes","No")) -> No | AI91: =IF($A91="","",IF(OR($U91="Overdue",$U91="Due Today"),"Yes","No")) -> No
A92: 91 | B92: 46267 | C92: Thinkwik Technology Private Limited | D92: Kalyan Acharya (Director, Global Sales) | E92: 9909847950 | F92: kalyan@thinkwik.com | G92: Ahmedabad | H92: India | I92: India | J92: Service | K92: Other Services | L92: Pharma | N92: Event/Expo | O92: Aastha | P92: Cold | Q92: New | R92: Not Started | U92: =IF($A92="","",IF(OR($Q92="Converted",$Q92="Closed",$Q92="Lost"),"Completed",IF($T92="","Not Scheduled",IF($T92<TODAY(),"Overdue",IF($T92=TODAY(),"Due Today","Upcoming"))))) -> Not Scheduled | AA92: =IF($A92="","",IFERROR($Y92*$Z92,0)) -> 0 | AE92: =IF($B92="","",DATE(YEAR($B92),MONTH($B92),1)) -> 46266 | AF92: =IF($AB92="","",DATE(YEAR($AB92),MONTH($AB92),1)) | AG92: =IF($A92="","",IF(OR($Q92="Converted",$Q92="Closed",$Q92="Lost"),"No","Yes")) -> Yes | AH92: =IF($A92="","",IF($Q92="Converted","Yes","No")) -> No | AI92: =IF($A92="","",IF(OR($U92="Overdue",$U92="Due Today"),"Yes","No")) -> No
A93: 92 | B93: 46267 | C93: Adventure Chemicals Suppliers | E93: 9979862649 | F93: adventure@adventureoverseas.com | G93: Ahmedabad | H93: India | I93: India | J93: Service | K93: Manufacturing | L93: Manufacturing | N93: Event/Expo | O93: Aastha | P93: Cold | Q93: New | R93: Not Started | U93: =IF($A93="","",IF(OR($Q93="Converted",$Q93="Closed",$Q93="Lost"),"Completed",IF($T93="","Not Scheduled",IF($T93<TODAY(),"Overdue",IF($T93=TODAY(),"Due Today","Upcoming"))))) -> Not Scheduled | AA93: =IF($A93="","",IFERROR($Y93*$Z93,0)) -> 0 | AE93: =IF($B93="","",DATE(YEAR($B93),MONTH($B93),1)) -> 46266 | AF93: =IF($AB93="","",DATE(YEAR($AB93),MONTH($AB93),1)) | AG93: =IF($A93="","",IF(OR($Q93="Converted",$Q93="Closed",$Q93="Lost"),"No","Yes")) -> Yes | AH93: =IF($A93="","",IF($Q93="Converted","Yes","No")) -> No | AI93: =IF($A93="","",IF(OR($U93="Overdue",$U93="Due Today"),"Yes","No")) -> No
A94: 93 | B94: 46267 | C94: ASOJ SOFT CAPS PVT. LTD. | D94: Parul Patel (Jr. Manager - Purchase) | E94: 89808 08776; 8980083898 | F94: purchase@asojsoftcaps.com | G94: Baroda | H94: India | I94: India | J94: Service | K94: Healthcare | L94: Other Healthcare | N94: Event/Expo | O94: Aastha | P94: Cold | Q94: New | R94: Not Started | U94: =IF($A94="","",IF(OR($Q94="Converted",$Q94="Closed",$Q94="Lost"),"Completed",IF($T94="","Not Scheduled",IF($T94<TODAY(),"Overdue",IF($T94=TODAY(),"Due Today","Upcoming"))))) -> Not Scheduled | AA94: =IF($A94="","",IFERROR($Y94*$Z94,0)) -> 0 | AE94: =IF($B94="","",DATE(YEAR($B94),MONTH($B94),1)) -> 46266 | AF94: =IF($AB94="","",DATE(YEAR($AB94),MONTH($AB94),1)) | AG94: =IF($A94="","",IF(OR($Q94="Converted",$Q94="Closed",$Q94="Lost"),"No","Yes")) -> Yes | AH94: =IF($A94="","",IF($Q94="Converted","Yes","No")) -> No | AI94: =IF($A94="","",IF(OR($U94="Overdue",$U94="Due Today"),"Yes","No")) -> No
A95: 94 | B95: 46270 | C95: Africa SME Assembly | D95: Treasure David Enyinnaya(founder) | E95: 2348168174372 | F95: africasmeassembly.org | G95: Nigeria | H95: South Africa | I95: Foreign | J95: Service | K95: NGO & Foundation | L95: Foundation | N95: Cold Outreach | O95: Vansh | P95: Hot | Q95: Qualified | R95: 2nd Follow-Up | U95: =IF($A95="","",IF(OR($Q95="Converted",$Q95="Closed",$Q95="Lost"),"Completed",IF($T95="","Not Scheduled",IF($T95<TODAY(),"Overdue",IF($T95=TODAY(),"Due Today","Upcoming"))))) -> Not Scheduled | AA95: =IF($A95="","",IFERROR($Y95*$Z95,0)) -> 0 | AE95: =IF($B95="","",DATE(YEAR($B95),MONTH($B95),1)) -> 46266 | AF95: =IF($AB95="","",DATE(YEAR($AB95),MONTH($AB95),1)) | AG95: =IF($A95="","",IF(OR($Q95="Converted",$Q95="Closed",$Q95="Lost"),"No","Yes")) -> Yes | AH95: =IF($A95="","",IF($Q95="Converted","Yes","No")) -> No | AI95: =IF($A95="","",IF(OR($U95="Overdue",$U95="Due Today"),"Yes","No")) -> No
A96: 95 | B96: 46272 | C96: Women Changemakers for Education | D96: Rejoice Adzivor | F96: ririadzivor@gmail.com | G96: Accra | H96: South Africa | I96: Foreign | J96: Service | K96: NGO & Foundation | L96: Foundation | N96: Cold Outreach | O96: Vansh | P96: Medium | Q96: Contacted | R96: Initial Contact | U96: =IF($A96="","",IF(OR($Q96="Converted",$Q96="Closed",$Q96="Lost"),"Completed",IF($T96="","Not Scheduled",IF($T96<TODAY(),"Overdue",IF($T96=TODAY(),"Due Today","Upcoming"))))) -> Not Scheduled | AA96: =IF($A96="","",IFERROR($Y96*$Z96,0)) -> 0 | AE96: =IF($B96="","",DATE(YEAR($B96),MONTH($B96),1)) -> 46266 | AF96: =IF($AB96="","",DATE(YEAR($AB96),MONTH($AB96),1)) | AG96: =IF($A96="","",IF(OR($Q96="Converted",$Q96="Closed",$Q96="Lost"),"No","Yes")) -> Yes | AH96: =IF($A96="","",IF($Q96="Converted","Yes","No")) -> No | AI96: =IF($A96="","",IF(OR($U96="Overdue",$U96="Due Today"),"Yes","No")) -> No
A97: 96 | B97: 46272 | C97: SLA INTEGRATED LOGISTICS & ASSURANCE SERVICES LIMITED | D97: Mercy (Selina) Olasiji | E97: 814952 8369 | F97: mercyselinaolubade@gmail.com | G97: Nigeria | H97: South Africa | I97: Foreign | J97: Service | K97: NGO & Foundation | L97: Foundation | N97: Cold Outreach | O97: Vansh | P97: Medium | Q97: Closed | R97: Follow-Up Complete | U97: =IF($A97="","",IF(OR($Q97="Converted",$Q97="Closed",$Q97="Lost"),"Completed",IF($T97="","Not Scheduled",IF($T97<TODAY(),"Overdue",IF($T97=TODAY(),"Due Today","Upcoming"))))) -> Completed | AA97: =IF($A97="","",IFERROR($Y97*$Z97,0)) -> 0 | AE97: =IF($B97="","",DATE(YEAR($B97),MONTH($B97),1)) -> 46266 | AF97: =IF($AB97="","",DATE(YEAR($AB97),MONTH($AB97),1)) | AG97: =IF($A97="","",IF(OR($Q97="Converted",$Q97="Closed",$Q97="Lost"),"No","Yes")) -> No | AH97: =IF($A97="","",IF($Q97="Converted","Yes","No")) -> No | AI97: =IF($A97="","",IF(OR($U97="Overdue",$U97="Due Today"),"Yes","No")) -> No
A98: 97 | B98: 46272 | C98: Swastik Financial | D98: Darshan Salot | E98: 9099056070 | G98: Ahmedabad | H98: India | I98: India | J98: Service | K98: Other Services | L98: Other | N98: Referral | O98: Aastha | P98: Hot | Q98: Demo/Meeting | R98: 2nd Follow-Up | U98: =IF($A98="","",IF(OR($Q98="Converted",$Q98="Closed",$Q98="Lost"),"Completed",IF($T98="","Not Scheduled",IF($T98<TODAY(),"Overdue",IF($T98=TODAY(),"Due Today","Upcoming"))))) -> Not Scheduled | AA98: =IF($A98="","",IFERROR($Y98*$Z98,0)) -> 0 | AE98: =IF($B98="","",DATE(YEAR($B98),MONTH($B98),1)) -> 46266 | AF98: =IF($AB98="","",DATE(YEAR($AB98),MONTH($AB98),1)) | AG98: =IF($A98="","",IF(OR($Q98="Converted",$Q98="Closed",$Q98="Lost"),"No","Yes")) -> Yes | AH98: =IF($A98="","",IF($Q98="Converted","Yes","No")) -> No | AI98: =IF($A98="","",IF(OR($U98="Overdue",$U98="Due Today"),"Yes","No")) -> No
A99: 98 | B99: 46272 | C99: SCOPE KENYA | D99: Dr. Maina Wambugu HSC | F99: mainaseb@yahoo.com | G99: Kenya | H99: India | I99: India | J99: Service | K99: NGO & Foundation | L99: Foundation | N99: Cold Outreach | O99: Vansh | P99: Hot | Q99: Demo/Meeting | R99: 3rd Follow-Up | U99: =IF($A99="","",IF(OR($Q99="Converted",$Q99="Closed",$Q99="Lost"),"Completed",IF($T99="","Not Scheduled",IF($T99<TODAY(),"Overdue",IF($T99=TODAY(),"Due Today","Upcoming"))))) -> Not Scheduled | AA99: =IF($A99="","",IFERROR($Y99*$Z99,0)) -> 0 | AE99: =IF($B99="","",DATE(YEAR($B99),MONTH($B99),1)) -> 46266 | AF99: =IF($AB99="","",DATE(YEAR($AB99),MONTH($AB99),1)) | AG99: =IF($A99="","",IF(OR($Q99="Converted",$Q99="Closed",$Q99="Lost"),"No","Yes")) -> Yes | AH99: =IF($A99="","",IF($Q99="Converted","Yes","No")) -> No | AI99: =IF($A99="","",IF(OR($U99="Overdue",$U99="Due Today"),"Yes","No")) -> No
A100: 99 | B100: 46272 | C100: African Coalition for Social Impact | D100: Kenneth Kabagambe | E100: =256702230051 -> 256702230051 | F100: kkabagambe2013@gmail.com | G100: Uganda | H100: South Africa | I100: Foreign | J100: Service | K100: NGO & Foundation | L100: NGO | N100: Cold Outreach | O100: Aastha | U100: =IF($A100="","",IF(OR($Q100="Converted",$Q100="Closed",$Q100="Lost"),"Completed",IF($T100="","Not Scheduled",IF($T100<TODAY(),"Overdue",IF($T100=TODAY(),"Due Today","Upcoming"))))) -> Not Scheduled | AA100: =IF($A100="","",IFERROR($Y100*$Z100,0)) -> 0 | AE100: =IF($B100="","",DATE(YEAR($B100),MONTH($B100),1)) -> 46266 | AF100: =IF($AB100="","",DATE(YEAR($AB100),MONTH($AB100),1)) | AG100: =IF($A100="","",IF(OR($Q100="Converted",$Q100="Closed",$Q100="Lost"),"No","Yes")) -> Yes | AH100: =IF($A100="","",IF($Q100="Converted","Yes","No")) -> No | AI100: =IF($A100="","",IF(OR($U100="Overdue",$U100="Due Today"),"Yes","No")) -> No
A101: 100 | B101: 46272 | C101: Director - Success Shows Pvt Ltd | D101: Vivek More | E101: 9945484244 | F101: vivekmore85@gmail.com | G101: Banglore | H101: India | I101: India | J101: Service | K101: Other Services | L101: Other | N101: Cold Outreach | O101: Aastha | U101: =IF($A101="","",IF(OR($Q101="Converted",$Q101="Closed",$Q101="Lost"),"Completed",IF($T101="","Not Scheduled",IF($T101<TODAY(),"Overdue",IF($T101=TODAY(),"Due Today","Upcoming"))))) -> Not Scheduled | AA101: =IF($A101="","",IFERROR($Y101*$Z101,0)) -> 0 | AE101: =IF($B101="","",DATE(YEAR($B101),MONTH($B101),1)) -> 46266 | AF101: =IF($AB101="","",DATE(YEAR($AB101),MONTH($AB101),1)) | AG101: =IF($A101="","",IF(OR($Q101="Converted",$Q101="Closed",$Q101="Lost"),"No","Yes")) -> Yes | AH101: =IF($A101="","",IF($Q101="Converted","Yes","No")) -> No | AI101: =IF($A101="","",IF(OR($U101="Overdue",$U101="Due Today"),"Yes","No")) -> No
...

Sheet Dashboard
A1: TechSentinals CRM Dashboard
A2: Overall funnel, India vs Foreign performance, pipeline value, conversions, and daily follow-up health.
A4: Total Leads | B4: =COUNTIF('Master Leads'!$A$6:$A$495,"<>") -> 121 | D4: Open Leads | E4: =COUNTIFS('Master Leads'!$A$6:$A$495,"<>",'Master Leads'!$AG$6:$AG$495,"Yes") -> 112 | G4: Converted | H4: =COUNTIFS('Master Leads'!$A$6:$A$495,"<>",'Master Leads'!$Q$6:$Q$495,"Converted") -> 5 | J4: Conversion Rate | K4: =IFERROR($H$4/$B$4,0) -> 0.041322314
A7: Open Pipeline | B7: =SUMIFS('Master Leads'!$Y$6:$Y$495,'Master Leads'!$A$6:$A$495,"<>",'Master Leads'!$AG$6:$AG$495,"Yes") -> 0 | D7: Weighted Pipeline | E7: =SUMIFS('Master Leads'!$AA$6:$AA$495,'Master Leads'!$A$6:$A$495,"<>",'Master Leads'!$AG$6:$AG$495,"Yes") -> 0 | G7: Due Today | H7: =COUNTIFS('Master Leads'!$A$6:$A$495,"<>",'Master Leads'!$U$6:$U$495,"Due Today") -> 0 | J7: Overdue | K7: =COUNTIFS('Master Leads'!$A$6:$A$495,"<>",'Master Leads'!$U$6:$U$495,"Overdue") -> 0
A10: India Leads | B10: =COUNTIFS('Master Leads'!$A$6:$A$495,"<>",'Master Leads'!$I$6:$I$495,"India") -> 112 | D10: Foreign Leads | E10: =COUNTIFS('Master Leads'!$A$6:$A$495,"<>",'Master Leads'!$I$6:$I$495,"Foreign") -> 8 | G10: India Converted | H10: =COUNTIFS('Master Leads'!$A$6:$A$495,"<>",'Master Leads'!$I$6:$I$495,"India",'Master Leads'!$Q$6:$Q$495,"Converted") -> 5 | J10: Foreign Converted | K10: =COUNTIFS('Master Leads'!$A$6:$A$495,"<>",'Master Leads'!$I$6:$I$495,"Foreign",'Master Leads'!$Q$6:$Q$495,"Converted") -> 0
A32: Priority colors: Hot = urgent, Medium = active, Cold = nurture. Follow-up colors: red = overdue, amber = due today, green = upcoming.

Sheet Contact Log
A1: Contact Log — Optional Detailed History
A2: Use one row for each call, WhatsApp, email, meeting, demo, proposal, visit, or other contact. Company and owner are filled from the Lead ID.
A5: Activity ID | B5: Contact Date | C5: Lead ID | D5: Company / Person | E5: Contact Type | F5: Follow-Up Round | G5: Outcome | H5: Next Follow-Up Date | I5: Assigned To | J5: Notes
D6: {=IF($C6="","",IFERROR(INDEX('Master Leads'!$C$6:$C$495,MATCH($C6,'Master Leads'!$A$6:$A$495,0)),""))} | E6: Call | F6: Initial | I6: {=IF($C6="","",IFERROR(INDEX('Master Leads'!$O$6:$O$495,MATCH($C6,'Master Leads'!$A$6:$A$495,0)),""))}
D7: {=IF($C7="","",IFERROR(INDEX('Master Leads'!$C$6:$C$495,MATCH($C7,'Master Leads'!$A$6:$A$495,0)),""))} | I7: {=IF($C7="","",IFERROR(INDEX('Master Leads'!$O$6:$O$495,MATCH($C7,'Master Leads'!$A$6:$A$495,0)),""))}
D8: {=IF($C8="","",IFERROR(INDEX('Master Leads'!$C$6:$C$495,MATCH($C8,'Master Leads'!$A$6:$A$495,0)),""))} | I8: {=IF($C8="","",IFERROR(INDEX('Master Leads'!$O$6:$O$495,MATCH($C8,'Master Leads'!$A$6:$A$495,0)),""))}
D9: {=IF($C9="","",IFERROR(INDEX('Master Leads'!$C$6:$C$495,MATCH($C9,'Master Leads'!$A$6:$A$495,0)),""))} | I9: {=IF($C9="","",IFERROR(INDEX('Master Leads'!$O$6:$O$495,MATCH($C9,'Master Leads'!$A$6:$A$495,0)),""))}
D10: {=IF($C10="","",IFERROR(INDEX('Master Leads'!$C$6:$C$495,MATCH($C10,'Master Leads'!$A$6:$A$495,0)),""))} | I10: {=IF($C10="","",IFERROR(INDEX('Master Leads'!$O$6:$O$495,MATCH($C10,'Master Leads'!$A$6:$A$495,0)),""))}
D11: {=IF($C11="","",IFERROR(INDEX('Master Leads'!$C$6:$C$495,MATCH($C11,'Master Leads'!$A$6:$A$495,0)),""))} | I11: {=IF($C11="","",IFERROR(INDEX('Master Leads'!$O$6:$O$495,MATCH($C11,'Master Leads'!$A$6:$A$495,0)),""))}
D12: {=IF($C12="","",IFERROR(INDEX('Master Leads'!$C$6:$C$495,MATCH($C12,'Master Leads'!$A$6:$A$495,0)),""))} | I12: {=IF($C12="","",IFERROR(INDEX('Master Leads'!$O$6:$O$495,MATCH($C12,'Master Leads'!$A$6:$A$495,0)),""))}
D13: {=IF($C13="","",IFERROR(INDEX('Master Leads'!$C$6:$C$495,MATCH($C13,'Master Leads'!$A$6:$A$495,0)),""))} | I13: {=IF($C13="","",IFERROR(INDEX('Master Leads'!$O$6:$O$495,MATCH($C13,'Master Leads'!$A$6:$A$495,0)),""))}
D14: {=IF($C14="","",IFERROR(INDEX('Master Leads'!$C$6:$C$495,MATCH($C14,'Master Leads'!$A$6:$A$495,0)),""))} | I14: {=IF($C14="","",IFERROR(INDEX('Master Leads'!$O$6:$O$495,MATCH($C14,'Master Leads'!$A$6:$A$495,0)),""))}
D15: {=IF($C15="","",IFERROR(INDEX('Master Leads'!$C$6:$C$495,MATCH($C15,'Master Leads'!$A$6:$A$495,0)),""))} | I15: {=IF($C15="","",IFERROR(INDEX('Master Leads'!$O$6:$O$495,MATCH($C15,'Master Leads'!$A$6:$A$495,0)),""))}
D16: {=IF($C16="","",IFERROR(INDEX('Master Leads'!$C$6:$C$495,MATCH($C16,'Master Leads'!$A$6:$A$495,0)),""))} | I16: {=IF($C16="","",IFERROR(INDEX('Master Leads'!$O$6:$O$495,MATCH($C16,'Master Leads'!$A$6:$A$495,0)),""))}
D17: {=IF($C17="","",IFERROR(INDEX('Master Leads'!$C$6:$C$495,MATCH($C17,'Master Leads'!$A$6:$A$495,0)),""))} | I17: {=IF($C17="","",IFERROR(INDEX('Master Leads'!$O$6:$O$495,MATCH($C17,'Master Leads'!$A$6:$A$495,0)),""))}
D18: {=IF($C18="","",IFERROR(INDEX('Master Leads'!$C$6:$C$495,MATCH($C18,'Master Leads'!$A$6:$A$495,0)),""))} | I18: {=IF($C18="","",IFERROR(INDEX('Master Leads'!$O$6:$O$495,MATCH($C18,'Master Leads'!$A$6:$A$495,0)),""))}
... D505: {=IF($C505="","",IFERROR(INDEX('Master Leads'!$C$6:$C$495,MATCH($C505,'Master Leads'!$A$6:$A$495,0)),""))} | I505: {=IF($C505="","",IFERROR(INDEX('Master Leads'!$O$6:$O$495,MATCH($C505,'Master Leads'!$A$6:$A$495,0)),""))}

Sheet Follow Ups
A1: Follow-Ups — Daily Action Queue
A2: Open this tab each day. The table lists every open lead with a scheduled follow-up, sorted by Next Follow-Up Date.
A3: Due Today | B3: =COUNTIFS('Master Leads'!$A$6:$A$495,"<>",'Master Leads'!$U$6:$U$495,"Due Today") -> 0 | D3: Overdue | E3: =COUNTIFS('Master Leads'!$A$6:$A$495,"<>",'Master Leads'!$U$6:$U$495,"Overdue") -> 0 | G3: Next 7 Days | H3: =COUNTIFS('Master Leads'!$A$6:$A$495,"<>",'Master Leads'!$AG$6:$AG$495,"Yes",'Master Leads'!$T$6:$T$495,">"&TODAY(),'Master Leads'!$T$6:$T$495,"<="&TODAY()+7) -> 0 | J3: No Date | K3: =COUNTIFS('Master Leads'!$A$6:$A$495,"<>",'Master Leads'!$AG$6:$AG$495,"Yes",'Master Leads'!$T$6:$T$495,"") -> 112
A5: Lead ID | B5: Date Added | C5: Company / Person | D5: Contact Person | E5: Phone / WhatsApp | F5: Email | G5: City | H5: Country | I5: Market | J5: Business Side | K5: Department / Product | L5: Category | M5: Requirement / Interested In | N5: Lead Source | O5: Assigned To | P5: Priority | Q5: Sales Stage | R5: Follow-Up Round | S5: Last Contact Date | T5: Next Follow-Up Date | U5: Follow-Up Status | V5: Next Action
A6: =IFERROR(__xludf.DUMMYFUNCTION("IFERROR(SORT(FILTER('Master Leads'!$A$6:$V$495, 'Master Leads'!$A$6:$A$495<>"""", 'Master Leads'!$AG$6:$AG$495=""Yes"", 'Master Leads'!$T$6:$T$495<>""""), 20, 1), ""No open follow-ups scheduled"")"),"No open follow-ups scheduled") -> No open follow-ups scheduled

Sheet Healthcare - Pharma
A1: Healthcare / Pharma Leads
A2: Read-only view from Master Leads. Add and update records in Master Leads so all reporting stays synchronized.
A5: Lead ID | B5: Date Added | C5: Company / Person | D5: Contact Person | E5: Phone / WhatsApp | F5: Email | G5: City | H5: Country | I5: Market | J5: Business Side | K5: Department / Product | L5: Category | M5: Requirement / Interested In | N5: Lead Source | O5: Assigned To | P5: Priority | Q5: Sales Stage | R5: Follow-Up Round | S5: Last Contact Date | T5: Next Follow-Up Date | U5: Follow-Up Status | V5: Next Action | W5: Meeting / Demo Date | X5: Proposal Date | Y5: Deal Value (INR) | Z5: Probability | AA5: Weighted Pipeline | AB5: Conversion / Close Date | AC5: Lost / Closed Reason | AD5: Notes
A6: =IFERROR(__xludf.DUMMYFUNCTION("IFERROR(FILTER('Master Leads'!$A$6:$AD$495, 'Master Leads'!$A$6:$A$495<>"""", 'Master Leads'!$K$6:$K$495=""Healthcare"", 'Master Leads'!$L$6:$L$495=""Pharma""), ""No matching leads yet"")"),1.0) -> 1 | B6: =IFERROR(__xludf.DUMMYFUNCTION("""COMPUTED_VALUE"""),46264.0) -> 46264 | C6: =IFERROR(__xludf.DUMMYFUNCTION("""COMPUTED_VALUE"""),"Inventa") -> Inventa | D6: =IFERROR(__xludf.DUMMYFUNCTION("""COMPUTED_VALUE"""),"Darshit") -> Darshit | E6: =IFERROR(__xludf.DUMMYFUNCTION("""COMPUTED_VALUE"""),"7285043792") -> 7285043792 | F6: =IFERROR(__xludf.DUMMYFUNCTION("""COMPUTED_VALUE"""),"inventasys@gmail.com") -> inventasys@gmail.com | G6: =IFERROR(__xludf.DUMMYFUNCTION("""COMPUTED_VALUE"""),"Ahmedabad") -> Ahmedabad | H6: =IFERROR(__xludf.DUMMYFUNCTION("""COMPUTED_VALUE"""),"India") -> India | I6: =IFERROR(__xludf.DUMMYFUNCTION("""COMPUTED_VALUE"""),"India") -> India | J6: =IFERROR(__xludf.DUMMYFUNCTION("""COMPUTED_VALUE"""),"Service") -> Service | K6: =IFERROR(__xludf.DUMMYFUNCTION("""COMPUTED_VALUE"""),"Healthcare") -> Healthcare | L6: =IFERROR(__xludf.DUMMYFUNCTION("""COMPUTED_VALUE"""),"Pharma") -> Pharma | N6: =IFERROR(__xludf.DUMMYFUNCTION("""COMPUTED_VALUE"""),"Event/Expo") -> Event/Expo | O6: =IFERROR(__xludf.DUMMYFUNCTION("""COMPUTED_VALUE"""),"Aastha") -> Aastha | P6: =IFERROR(__xludf.DUMMYFUNCTION("""COMPUTED_VALUE"""),"Medium") -> Medium | Q6: =IFERROR(__xludf.DUMMYFUNCTION("""COMPUTED_VALUE"""),"Converted") -> Converted | R6: =IFERROR(__xludf.DUMMYFUNCTION("""COMPUTED_VALUE"""),"Follow-Up Complete") -> Follow-Up Complete | S6: =IFERROR(__xludf.DUMMYFUNCTION("""COMPUTED_VALUE"""),46254.0) -> 46254 | U6: =IFERROR(__xludf.DUMMYFUNCTION("""COMPUTED_VALUE"""),"Completed") -> Completed | Z6: =IFERROR(__xludf.DUMMYFUNCTION("""COMPUTED_VALUE"""),0.1) -> 0.1 | AA6: =IFERROR(__xludf.DUMMYFUNCTION("""COMPUTED_VALUE"""),0.0) -> 0 | AB6: =IFERROR(__xludf.DUMMYFUNCTION("""COMPUTED_VALUE"""),46235.0) -> 46235
A7: =IFERROR(__xludf.DUMMYFUNCTION("""COMPUTED_VALUE"""),3.0) -> 3 | B7: =IFERROR(__xludf.DUMMYFUNCTION("""COMPUTED_VALUE"""),46264.0) -> 46264 | C7: =IFERROR(__xludf.DUMMYFUNCTION("""COMPUTED_VALUE"""),"Meteoric Pharma") -> Meteoric Pharma | D7: =IFERROR(__xludf.DUMMYFUNCTION("""COMPUTED_VALUE"""),"Mithun Acharya") -> Mithun Acharya | E7: =IFERROR(__xludf.DUMMYFUNCTION("""COMPUTED_VALUE"""),"9227996623") -> 9227996623 | F7: =IFERROR(__xludf.DUMMYFUNCTION("""COMPUTED_VALUE"""),"mithun.it@meteoricbiopharma.com") -> mithun.it@meteoricbiopharma.com | G7: =IFERROR(__xludf.DUMMYFUNCTION("""COMPUTED_VALUE"""),"Ahmedabad") -> Ahmedabad | H7: =IFERROR(__xludf.DUMMYFUNCTION("""COMPUTED_VALUE"""),"India") -> India | I7: =IFERROR(__xludf.DUMMYFUNCTION("""COMPUTED_VALUE"""),"India") -> India | J7: =IFERROR(__xludf.DUMMYFUNCTION("""COMPUTED_VALUE"""),"Service") -> Service | K7: =IFERROR(__xludf.DUMMYFUNCTION("""COMPUTED_VALUE"""),"Healthcare") -> Healthcare | L7: =IFERROR(__xludf.DUMMYFUNCTION("""COMPUTED_VALUE"""),"Pharma") -> Pharma | N7: =IFERROR(__xludf.DUMMYFUNCTION("""COMPUTED_VALUE"""),"Cold Outreach") -> Cold Outreach | O7: =IFERROR(__xludf.DUMMYFUNCTION("""COMPUTED_VALUE"""),"Aastha") -> Aastha | P7: =IFERROR(__xludf.DUMMYFUNCTION("""COMPUTED_VALUE"""),"Hot") -> Hot | Q7: =IFERROR(__xludf.DUMMYFUNCTION("""COMPUTED_VALUE"""),"Proposal Sent") -> Proposal Sent | R7: =IFERROR(__xludf.DUMMYFUNCTION("""COMPUTED_VALUE"""),"Initial Contact") -> Initial Contact | S7: =IFERROR(__xludf.DUMMYFUNCTION("""COMPUTED_VALUE"""),46272.0) -> 46272 | U7: =IFERROR(__xludf.DUMMYFUNCTION("""COMPUTED_VALUE"""),"Not Scheduled") -> Not Scheduled | AA7: =IFERROR(__xludf.DUMMYFUNCTION("""COMPUTED_VALUE"""),0.0) -> 0
A8: =IFERROR(__xludf.DUMMYFUNCTION("""COMPUTED_VALUE"""),37.0) -> 37 | B8: =IFERROR(__xludf.DUMMYFUNCTION("""COMPUTED_VALUE"""),46264.0) -> 46264 | C8: =IFERROR(__xludf.DUMMYFUNCTION("""COMPUTED_VALUE"""),"Anax Lifescience Private Limited") -> Anax Lifescience Private Limited | D8: =IFERROR(__xludf.DUMMYFUNCTION("""COMPUTED_VALUE"""),"Samir Patel (Managing Director)") -> Samir Patel (Managing Director) | E8: =IFERROR(__xludf.DUMMYFUNCTION("""COMPUTED_VALUE"""),"9879105608") -> 9879105608 | F8: =IFERROR(__xludf.DUMMYFUNCTION("""COMPUTED_VALUE"""),"info@anaxlifescience.in") -> info@anaxlifescience.in | G8: =IFERROR(__xludf.DUMMYFUNCTION("""COMPUTED_VALUE"""),"Ahmedabad") -> Ahmedabad | H8: =IFERROR(__xludf.DUMMYFUNCTION("""COMPUTED_VALUE"""),"India") -> India | I8: =IFERROR(__xludf.DUMMYFUNCTION("""COMPUTED_VALUE"""),"India") -> India | J8: =IFERROR(__xludf.DUMMYFUNCTION("""COMPUTED_VALUE"""),"Service") -> Service | K8: =IFERROR(__xludf.DUMMYFUNCTION("""COMPUTED_VALUE"""),"Healthcare") -> Healthcare | L8: =IFERROR(__xludf.DUMMYFUNCTION("""COMPUTED_VALUE"""),"Pharma") -> Pharma | N8: =IFERROR(__xludf.DUMMYFUNCTION("""COMPUTED_VALUE"""),"Event/Expo") -> Event/Expo | O8: =IFERROR(__xludf.DUMMYFUNCTION("""COMPUTED_VALUE"""),"Aastha") -> Aastha | P8: =IFERROR(__xludf.DUMMYFUNCTION("""COMPUTED_VALUE"""),"Cold") -> Cold | Q8: =IFERROR(__xludf.DUMMYFUNCTION("""COMPUTED_VALUE"""),"New") -> New | R8: =IFERROR(__xludf.DUMMYFUNCTION("""COMPUTED_VALUE"""),"Not Started") -> Not Started | U8: =IFERROR(__xludf.DUMMYFUNCTION("""COMPUTED_VALUE"""),"Not Scheduled") -> Not Scheduled | AA8: =IFERROR(__xludf.DUMMYFUNCTION("""COMPUTED_VALUE"""),0.0) -> 0
A9: =IFERROR(__xludf.DUMMYFUNCTION("""COMPUTED_VALUE"""),43.0) -> 43 | B9: =IFERROR(__xludf.DUMMYFUNCTION("""COMPUTED_VALUE"""),46264.0) -> 46264 | C9: =IFERROR(__xludf.DUMMYFUNCTION("""COMPUTED_VALUE"""),"Metropharm Wellness") -> Metropharm Wellness | D9: =IFERROR(__xludf.DUMMYFUNCTION("""COMPUTED_VALUE"""),"Vatsal Dixit (Managing Director)") -> Vatsal Dixit (Managing Director) | E9: =IFERROR(__xludf.DUMMYFUNCTION("""COMPUTED_VALUE"""),"9925249992") -> 9925249992 | F9: =IFERROR(__xludf.DUMMYFUNCTION("""COMPUTED_VALUE"""),"vatsal@metropharmwellness.com") -> vatsal@metropharmwellness.com | G9: =IFERROR(__xludf.DUMMYFUNCTION("""COMPUTED_VALUE"""),"Ahmedabad") -> Ahmedabad | H9: =IFERROR(__xludf.DUMMYFUNCTION("""COMPUTED_VALUE"""),"India") -> India | I9: =IFERROR(__xludf.DUMMYFUNCTION("""COMPUTED_VALUE"""),"India") -> India | J9: =IFERROR(__xludf.DUMMYFUNCTION("""COMPUTED_VALUE"""),"Service") -> Service | K9: =IFERROR(__xludf.DUMMYFUNCTION("""COMPUTED_VALUE"""),"Healthcare") -> Healthcare | L9: =IFERROR(__xludf.DUMMYFUNCTION("""COMPUTED_VALUE"""),"Pharma") -> Pharma | N9: =IFERROR(__xludf.DUMMYFUNCTION("""COMPUTED_VALUE"""),"Event/Expo") -> Event/Expo | O9: =IFERROR(__xludf.DUMMYFUNCTION("""COMPUTED_VALUE"""),"Aastha") -> Aastha | P9: =IFERROR(__xludf.DUMMYFUNCTION("""COMPUTED_VALUE"""),"Cold") -> Cold | Q9: =IFERROR(__xludf.DUMMYFUNCTION("""COMPUTED_VALUE"""),"New") -> New | R9: =IFERROR(__xludf.DUMMYFUNCTION("""COMPUTED_VALUE"""),"Not Started") -> Not Started | U9: =IFERROR(__xludf.DUMMYFUNCTION("""COMPUTED_VALUE"""),"Not Scheduled") -> Not Scheduled | AA9: =IFERROR(__xludf.DUMMYFUNCTION("""COMPUTED_VALUE"""),0.0) -> 0
A10: =IFERROR(__xludf.DUMMYFUNCTION("""COMPUTED_VALUE"""),53.0) -> 53 | B10: =IFERROR(__xludf.DUMMYFUNCTION("""COMPUTED_VALUE"""),46267.0) -> 46267 | C10: =IFERROR(__xludf.DUMMYFUNCTION("""COMPUTED_VALUE"""),"Adilinf") -> Adilinf | D10: =IFERROR(__xludf.DUMMYFUNCTION("""COMPUTED_VALUE"""),"Brijesh Chodavadiya (CEO & Founder)") -> Brijesh Chodavadiya (CEO & Founder) | E10: =IFERROR(__xludf.DUMMYFUNCTION("""COMPUTED_VALUE"""),"9428362964") -> 9428362964 | F10: =IFERROR(__xludf.DUMMYFUNCTION("""COMPUTED_VALUE"""),"brijesh.chodavadiya@adilinf.co.in") -> brijesh.chodavadiya@adilinf.co.in | G10: =IFERROR(__xludf.DUMMYFUNCTION("""COMPUTED_VALUE"""),"Ahmedabad") -> Ahmedabad | H10: =IFERROR(__xludf.DUMMYFUNCTION("""COMPUTED_VALUE"""),"India") -> India | I10: =IFERROR(__xludf.DUMMYFUNCTION("""COMPUTED_VALUE"""),"India") -> India | J10: =IFERROR(__xludf.DUMMYFUNCTION("""COMPUTED_VALUE"""),"Service") -> Service | K10: =IFERROR(__xludf.DUMMYFUNCTION("""COMPUTED_VALUE"""),"Healthcare") -> Healthcare | L10: =IFERROR(__xludf.DUMMYFUNCTION("""COMPUTED_VALUE"""),"Pharma") -> Pharma | N10: =IFERROR(__xludf.DUMMYFUNCTION("""COMPUTED_VALUE"""),"Event/Expo") -> Event/Expo | O10: =IFERROR(__xludf.DUMMYFUNCTION("""COMPUTED_VALUE"""),"Aastha") -> Aastha | P10: =IFERROR(__xludf.DUMMYFUNCTION("""COMPUTED_VALUE"""),"Cold") -> Cold | Q10: =IFERROR(__xludf.DUMMYFUNCTION("""COMPUTED_VALUE"""),"New") -> New | R10: =IFERROR(__xludf.DUMMYFUNCTION("""COMPUTED_VALUE"""),"Not Started") -> Not Started | U10: =IFERROR(__xludf.DUMMYFUNCTION("""COMPUTED_VALUE"""),"Not Scheduled") -> Not Scheduled | AA10: =IFERROR(__xludf.DUMMYFUNCTION("""COMPUTED_VALUE"""),0.0) -> 0
A11: =IFERROR(__xludf.DUMMYFUNCTION("""COMPUTED_VALUE"""),63.0) -> 63 | B11: =IFERROR(__xludf.DUMMYFUNCTION("""COMPUTED_VALUE"""),46267.0) -> 46267 | C11: =IFERROR(__xludf.DUMMYFUNCTION("""COMPUTED_VALUE"""),"NEO India Lifeline Private Limited") -> NEO India Lifeline Private Limited | D11: =IFERROR(__xludf.DUMMYFUNCTION("""COMPUTED_VALUE"""),"Khevna Maniar (HR Manager)") -> Khevna Maniar (HR Manager) | E11: =IFERROR(__xludf.DUMMYFUNCTION("""COMPUTED_VALUE"""),"9898107362") -> 9898107362 | F11: =IFERROR(__xludf.DUMMYFUNCTION("""COMPUTED_VALUE"""),"khevna.maniar@neohealthgroup.com") -> khevna.maniar@neohealthgroup.com | G11: =IFERROR(__xludf.DUMMYFUNCTION("""COMPUTED_VALUE"""),"Ahmedabad") -> Ahmedabad | H11: =IFERROR(__xludf.DUMMYFUNCTION("""COMPUTED_VALUE"""),"India") -> India | I11: =IFERROR(__xludf.DUMMYFUNCTION("""COMPUTED_VALUE"""),"India") -> India | J11: =IFERROR(__xludf.DUMMYFUNCTION("""COMPUTED_VALUE"""),"Service") -> Service | K11: =IFERROR(__xludf.DUMMYFUNCTION("""COMPUTED_VALUE"""),"Healthcare") -> Healthcare | L11: =IFERROR(__xludf.DUMMYFUNCTION("""COMPUTED_VALUE"""),"Pharma") -> Pharma | N11: =IFERROR(__xludf.DUMMYFUNCTION("""COMPUTED_VALUE"""),"Event/Expo") -> Event/Expo | O11: =IFERROR(__xludf.DUMMYFUNCTION("""COMPUTED_VALUE"""),"Aastha") -> Aastha | P11: =IFERROR(__xludf.DUMMYFUNCTION("""COMPUTED_VALUE"""),"Cold") -> Cold | Q11: =IFERROR(__xludf.DUMMYFUNCTION("""COMPUTED_VALUE"""),"New") -> New | R11: =IFERROR(__xludf.DUMMYFUNCTION("""COMPUTED_VALUE"""),"Not Started") -> Not Started | U11: =IFERROR(__xludf.DUMMYFUNCTION("""COMPUTED_VALUE"""),"Not Scheduled") -> Not Scheduled | AA11: =IFERROR(__xludf.DUMMYFUNCTION("""COMPUTED_VALUE"""),0.0) -> 0
A12: =IFERROR(__xludf.DUMMYFUNCTION("""COMPUTED_VALUE"""),72.0) -> 72 | B12: =IFERROR(__xludf.DUMMYFUNCTION("""COMPUTED_VALUE"""),46267.0) -> 46267 | C12: =IFERROR(__xludf.DUMMYFUNCTION("""COMPUTED_VALUE"""),"ICH DIEN WELLNESS / ICH DIEN Nutraceutical") -> ICH DIEN WELLNESS / ICH DIEN Nutraceutical | D12: =IFERROR(__xludf.DUMMYFUNCTION("""COMPUTED_VALUE"""),"Patel Priyen") -> Patel Priyen | E12: =IFERROR(__xludf.DUMMYFUNCTION("""COMPUTED_VALUE"""),"9327000673") -> 9327000673 | F12: =IFERROR(__xludf.DUMMYFUNCTION("""COMPUTED_VALUE"""),"ichdienwellness1970@gmail.com; ichdienwellness.export@gmail.com") -> ichdienwellness1970@gmail.com; ichdienwellness.export@gmail.com | G12: =IFERROR(__xludf.DUMMYFUNCTION("""COMPUTED_VALUE"""),"Palanpur") -> Palanpur | H12: =IFERROR(__xludf.DUMMYFUNCTION("""COMPUTED_VALUE"""),"India") -> India | I12: =IFERROR(__xludf.DUMMYFUNCTION("""COMPUTED_VALUE"""),"India") -> India | J12: =IFERROR(__xludf.DUMMYFUNCTION("""COMPUTED_VALUE"""),"Service") -> Service | K12: =IFERROR(__xludf.DUMMYFUNCTION("""COMPUTED_VALUE"""),"Healthcare") -> Healthcare | L12: =IFERROR(__xludf.DUMMYFUNCTION("""COMPUTED_VALUE"""),"Pharma") -> Pharma | N12: =IFERROR(__xludf.DUMMYFUNCTION("""COMPUTED_VALUE"""),"Event/Expo") -> Event/Expo | O12: =IFERROR(__xludf.DUMMYFUNCTION("""COMPUTED_VALUE"""),"Aastha") -> Aastha | P12: =IFERROR(__xludf.DUMMYFUNCTION("""COMPUTED_VALUE"""),"Cold") -> Cold | Q12: =IFERROR(__xludf.DUMMYFUNCTION("""COMPUTED_VALUE"""),"New") -> New | R12: =IFERROR(__xludf.DUMMYFUNCTION("""COMPUTED_VALUE"""),"Not Started") -> Not Started | U12: =IFERROR(__xludf.DUMMYFUNCTION("""COMPUTED_VALUE"""),"Not Scheduled") -> Not Scheduled | AA12: =IFERROR(__xludf.DUMMYFUNCTION("""COMPUTED_VALUE"""),0.0) -> 0
A13: =IFERROR(__xludf.DUMMYFUNCTION("""COMPUTED_VALUE"""),75.0) -> 75 | B13: =IFERROR(__xludf.DUMMYFUNCTION("""COMPUTED_VALUE"""),46267.0) -> 46267 | C13: =IFERROR(__xludf.DUMMYFUNCTION("""COMPUTED_VALUE"""),"ICH DIEN WELLNESS / ICH DIEN Nutraceutical") -> ICH DIEN WELLNESS / ICH DIEN Nutraceutical | D13: =IFERROR(__xludf.DUMMYFUNCTION("""COMPUTED_VALUE"""),"Rajesh Agrawal (Marketing Manager)") -> Rajesh Agrawal (Marketing Manager) | E13: =IFERROR(__xludf.DUMMYFUNCTION("""COMPUTED_VALUE"""),"7405375350") -> 7405375350 | G13: =IFERROR(__xludf.DUMMYFUNCTION("""COMPUTED_VALUE"""),"Ahmedabad / Palanpur") -> Ahmedabad / Palanpur | H13: =IFERROR(__xludf.DUMMYFUNCTION("""COMPUTED_VALUE"""),"India") -> India | I13: =IFERROR(__xludf.DUMMYFUNCTION("""COMPUTED_VALUE"""),"India") -> India | J13: =IFERROR(__xludf.DUMMYFUNCTION("""COMPUTED_VALUE"""),"Service") -> Service | K13: =IFERROR(__xludf.DUMMYFUNCTION("""COMPUTED_VALUE"""),"Healthcare") -> Healthcare | L13: =IFERROR(__xludf.DUMMYFUNCTION("""COMPUTED_VALUE"""),"Pharma") -> Pharma | N13: =IFERROR(__xludf.DUMMYFUNCTION("""COMPUTED_VALUE"""),"Event/Expo") -> Event/Expo | O13: =IFERROR(__xludf.DUMMYFUNCTION("""COMPUTED_VALUE"""),"Aastha") -> Aastha | P13: =IFERROR(__xludf.DUMMYFUNCTION("""COMPUTED_VALUE"""),"Hot") -> Hot | Q13: =IFERROR(__xludf.DUMMYFUNCTION("""COMPUTED_VALUE"""),"Negotiation") -> Negotiation | R13: =IFERROR(__xludf.DUMMYFUNCTION("""COMPUTED_VALUE"""),"Not Started") -> Not Started | U13: =IFERROR(__xludf.DUMMYFUNCTION("""COMPUTED_VALUE"""),"Not Scheduled") -> Not Scheduled | AA13: =IFERROR(__xludf.DUMMYFUNCTION("""COMPUTED_VALUE"""),0.0) -> 0
A14: =IFERROR(__xludf.DUMMYFUNCTION("""COMPUTED_VALUE"""),76.0) -> 76 | B14: =IFERROR(__xludf.DUMMYFUNCTION("""COMPUTED_VALUE"""),46267.0) -> 46267 | C14: =IFERROR(__xludf.DUMMYFUNCTION("""COMPUTED_VALUE"""),"Religence Pharmaceuticals Private Limited") -> Religence Pharmaceuticals Private Limited | D14: =IFERROR(__xludf.DUMMYFUNCTION("""COMPUTED_VALUE"""),"Mohit Patel") -> Mohit Patel | E14: =IFERROR(__xludf.DUMMYFUNCTION("""COMPUTED_VALUE"""),"9825966650; 9727173573") -> 9825966650; 9727173573 | F14: =IFERROR(__xludf.DUMMYFUNCTION("""COMPUTED_VALUE"""),"mohit@religence.in; info@religence.in") -> mohit@religence.in; info@religence.in | G14: =IFERROR(__xludf.DUMMYFUNCTION("""COMPUTED_VALUE"""),"Bhavnagar / Bharuch") -> Bhavnagar / Bharuch | H14: =IFERROR(__xludf.DUMMYFUNCTION("""COMPUTED_VALUE"""),"India") -> India | I14: =IFERROR(__xludf.DUMMYFUNCTION("""COMPUTED_VALUE"""),"India") -> India | J14: =IFERROR(__xludf.DUMMYFUNCTION("""COMPUTED_VALUE"""),"Service") -> Service | K14: =IFERROR(__xludf.DUMMYFUNCTION("""COMPUTED_VALUE"""),"Healthcare") -> Healthcare | L14: =IFERROR(__xludf.DUMMYFUNCTION("""COMPUTED_VALUE"""),"Pharma") -> Pharma | N14: =IFERROR(__xludf.DUMMYFUNCTION("""COMPUTED_VALUE"""),"Event/Expo") -> Event/Expo | O14: =IFERROR(__xludf.DUMMYFUNCTION("""COMPUTED_VALUE"""),"Aastha") -> Aastha | P14: =IFERROR(__xludf.DUMMYFUNCTION("""COMPUTED_VALUE"""),"Cold") -> Cold | Q14: =IFERROR(__xludf.DUMMYFUNCTION("""COMPUTED_VALUE"""),"New") -> New | R14: =IFERROR(__xludf.DUMMYFUNCTION("""COMPUTED_VALUE"""),"Not Started") -> Not Started | U14: =IFERROR(__xludf.DUMMYFUNCTION("""COMPUTED_VALUE"""),"Not Scheduled") -> Not Scheduled | AA14: =IFERROR(__xludf.DUMMYFUNCTION("""COMPUTED_VALUE"""),0.0) -> 0
A15: =IFERROR(__xludf.DUMMYFUNCTION("""COMPUTED_VALUE"""),77.0) -> 77 | B15: =IFERROR(__xludf.DUMMYFUNCTION("""COMPUTED_VALUE"""),46267.0) -> 46267 | C15: =IFERROR(__xludf.DUMMYFUNCTION("""COMPUTED_VALUE"""),"Decefrag Pharmaceuticals") -> Decefrag Pharmaceuticals | D15: =IFERROR(__xludf.DUMMYFUNCTION("""COMPUTED_VALUE"""),"Mahek Thakur (Global Sales Manager)") -> Mahek Thakur (Global Sales Manager) | E15: =IFERROR(__xludf.DUMMYFUNCTION("""COMPUTED_VALUE"""),"9924627787") -> 9924627787 | F15: =IFERROR(__xludf.DUMMYFUNCTION("""COMPUTED_VALUE"""),"mahek.thakur@decefragpharma.com; mahek.singh2204@gmail.com") -> mahek.thakur@decefragpharma.com; mahek.singh2204@gmail.com | G15: =IFERROR(__xludf.DUMMYFUNCTION("""COMPUTED_VALUE"""),"Ahmedabad") -> Ahmedabad | H15: =IFERROR(__xludf.DUMMYFUNCTION("""COMPUTED_VALUE"""),"India") -> India | I15: =IFERROR(__xludf.DUMMYFUNCTION("""COMPUTED_VALUE"""),"India") -> India | J15: =IFERROR(__xludf.DUMMYFUNCTION("""COMPUTED_VALUE"""),"Service") -> Service | K15: =IFERROR(__xludf.DUMMYFUNCTION("""COMPUTED_VALUE"""),"Healthcare") -> Healthcare | L15: =IFERROR(__xludf.DUMMYFUNCTION("""COMPUTED_VALUE"""),"Pharma") -> Pharma | N15: =IFERROR(__xludf.DUMMYFUNCTION("""COMPUTED_VALUE"""),"Event/Expo") -> Event/Expo | O15: =IFERROR(__xludf.DUMMYFUNCTION("""COMPUTED_VALUE"""),"Aastha") -> Aastha | P15: =IFERROR(__xludf.DUMMYFUNCTION("""COMPUTED_VALUE"""),"Cold") -> Cold | Q15: =IFERROR(__xludf.DUMMYFUNCTION("""COMPUTED_VALUE"""),"New") -> New | R15: =IFERROR(__xludf.DUMMYFUNCTION("""COMPUTED_VALUE"""),"Not Started") -> Not Started | U15: =IFERROR(__xludf.DUMMYFUNCTION("""COMPUTED_VALUE"""),"Not Scheduled") -> Not Scheduled | AA15: =IFERROR(__xludf.DUMMYFUNCTION("""COMPUTED_VALUE"""),0.0) -> 0
A16: =IFERROR(__xludf.DUMMYFUNCTION("""COMPUTED_VALUE"""),78.0) -> 78 | B16: =IFERROR(__xludf.DUMMYFUNCTION("""COMPUTED_VALUE"""),46267.0) -> 46267 | C16: =IFERROR(__xludf.DUMMYFUNCTION("""COMPUTED_VALUE"""),"SmartCare Nutrition") -> SmartCare Nutrition | D16: =IFERROR(__xludf.DUMMYFUNCTION("""COMPUTED_VALUE"""),"Huzefa Vanthliwala (Director)") -> Huzefa Vanthliwala (Director) | E16: =IFERROR(__xludf.DUMMYFUNCTION("""COMPUTED_VALUE"""),"9833286871") -> 9833286871 | F16: =IFERROR(__xludf.DUMMYFUNCTION("""COMPUTED_VALUE"""),"support@smartcarenutrition.in") -> support@smartcarenutrition.in | G16: =IFERROR(__xludf.DUMMYFUNCTION("""COMPUTED_VALUE"""),"Andheri") -> Andheri | H16: =IFERROR(__xludf.DUMMYFUNCTION("""COMPUTED_VALUE"""),"India") -> India | I16: =IFERROR(__xludf.DUMMYFUNCTION("""COMPUTED_VALUE"""),"India") -> India | J16: =IFERROR(__xludf.DUMMYFUNCTION("""COMPUTED_VALUE"""),"Service") -> Service | K16: =IFERROR(__xludf.DUMMYFUNCTION("""COMPUTED_VALUE"""),"Healthcare") -> Healthcare | L16: =IFERROR(__xludf.DUMMYFUNCTION("""COMPUTED_VALUE"""),"Pharma") -> Pharma | N16: =IFERROR(__xludf.DUMMYFUNCTION("""COMPUTED_VALUE"""),"Event/Expo") -> Event/Expo | O16: =IFERROR(__xludf.DUMMYFUNCTION("""COMPUTED_VALUE"""),"Aastha") -> Aastha | P16: =IFERROR(__xludf.DUMMYFUNCTION("""COMPUTED_VALUE"""),"Hot") -> Hot | Q16: =IFERROR(__xludf.DUMMYFUNCTION("""COMPUTED_VALUE"""),"Contacted") -> Contacted | R16: =IFERROR(__xludf.DUMMYFUNCTION("""COMPUTED_VALUE"""),"Not Started") -> Not Started | U16: =IFERROR(__xludf.DUMMYFUNCTION("""COMPUTED_VALUE"""),"Not Scheduled") -> Not Scheduled | AA16: =IFERROR(__xludf.DUMMYFUNCTION("""COMPUTED_VALUE"""),0.0) -> 0
A17: =IFERROR(__xludf.DUMMYFUNCTION("""COMPUTED_VALUE"""),84.0) -> 84 | B17: =IFERROR(__xludf.DUMMYFUNCTION("""COMPUTED_VALUE"""),46267.0) -> 46267 | C17: =IFERROR(__xludf.DUMMYFUNCTION("""COMPUTED_VALUE"""),"Prey Healthcare") -> Prey Healthcare | D17: =IFERROR(__xludf.DUMMYFUNCTION("""COMPUTED_VALUE"""),"Ashish Patel") -> Ashish Patel | E17: =IFERROR(__xludf.DUMMYFUNCTION("""COMPUTED_VALUE"""),"9725202772") -> 9725202772 | F17: =IFERROR(__xludf.DUMMYFUNCTION("""COMPUTED_VALUE"""),"preyhealthcare@gmail.com") -> preyhealthcare@gmail.com | G17: =IFERROR(__xludf.DUMMYFUNCTION("""COMPUTED_VALUE"""),"Virsad") -> Virsad | H17: =IFERROR(__xludf.DUMMYFUNCTION("""COMPUTED_VALUE"""),"India") -> India | I17: =IFERROR(__xludf.DUMMYFUNCTION("""COMPUTED_VALUE"""),"India") -> India | J17: =IFERROR(__xludf.DUMMYFUNCTION("""COMPUTED_VALUE"""),"Service") -> Service | K17: =IFERROR(__xludf.DUMMYFUNCTION("""COMPUTED_VALUE"""),"Healthcare") -> Healthcare | L17: =IFERROR(__xludf.DUMMYFUNCTION("""COMPUTED_VALUE"""),"Pharma") -> Pharma | N17: =IFERROR(__xludf.DUMMYFUNCTION("""COMPUTED_VALUE"""),"Event/Expo") -> Event/Expo | O17: =IFERROR(__xludf.DUMMYFUNCTION("""COMPUTED_VALUE"""),"Aastha") -> Aastha | P17: =IFERROR(__xludf.DUMMYFUNCTION("""COMPUTED_VALUE"""),"Cold") -> Cold | Q17: =IFERROR(__xludf.DUMMYFUNCTION("""COMPUTED_VALUE"""),"New") -> New | R17: =IFERROR(__xludf.DUMMYFUNCTION("""COMPUTED_VALUE"""),"Not Started") -> Not Started | U17: =IFERROR(__xludf.DUMMYFUNCTION("""COMPUTED_VALUE"""),"Not Scheduled") -> Not Scheduled | AA17: =IFERROR(__xludf.DUMMYFUNCTION("""COMPUTED_VALUE"""),0.0) -> 0
A18: =IFERROR(__xludf.DUMMYFUNCTION("""COMPUTED_VALUE"""),86.0) -> 86 | B18: =IFERROR(__xludf.DUMMYFUNCTION("""COMPUTED_VALUE"""),46267.0) -> 46267 | C18: =IFERROR(__xludf.DUMMYFUNCTION("""COMPUTED_VALUE"""),"Beyond Healthcare") -> Beyond Healthcare | D18: =IFERROR(__xludf.DUMMYFUNCTION("""COMPUTED_VALUE"""),"Pitroda Smit (Director, M.E. Biomedical)") -> Pitroda Smit (Director, M.E. Biomedical) | E18: =IFERROR(__xludf.DUMMYFUNCTION("""COMPUTED_VALUE"""),"9428358182") -> 9428358182 | F18: =IFERROR(__xludf.DUMMYFUNCTION("""COMPUTED_VALUE"""),"beyondhealthcareindia@gmail.com") -> beyondhealthcareindia@gmail.com | G18: =IFERROR(__xludf.DUMMYFUNCTION("""COMPUTED_VALUE"""),"Ahmedabad") -> Ahmedabad | H18: =IFERROR(__xludf.DUMMYFUNCTION("""COMPUTED_VALUE"""),"India") -> India | I18: =IFERROR(__xludf.DUMMYFUNCTION("""COMPUTED_VALUE"""),"India") -> India | J18: =IFERROR(__xludf.DUMMYFUNCTION("""COMPUTED_VALUE"""),"Service") -> Service | K18: =IFERROR(__xludf.DUMMYFUNCTION("""COMPUTED_VALUE"""),"Healthcare") -> Healthcare | L18: =IFERROR(__xludf.DUMMYFUNCTION("""COMPUTED_VALUE"""),"Pharma") -> Pharma | N18: =IFERROR(__xludf.DUMMYFUNCTION("""COMPUTED_VALUE"""),"Event/Expo") -> Event/Expo | O18: =IFERROR(__xludf.DUMMYFUNCTION("""COMPUTED_VALUE"""),"Aastha") -> Aastha | P18: =IFERROR(__xludf.DUMMYFUNCTION("""COMPUTED_VALUE"""),"Medium") -> Medium | Q18: =IFERROR(__xludf.DUMMYFUNCTION("""COMPUTED_VALUE"""),"New") -> New | R18: =IFERROR(__xludf.DUMMYFUNCTION("""COMPUTED_VALUE"""),"Not Started") -> Not Started | U18: =IFERROR(__xludf.DUMMYFUNCTION("""COMPUTED_VALUE"""),"Not Scheduled") -> Not Scheduled | AA18: =IFERROR(__xludf.DUMMYFUNCTION("""COMPUTED_VALUE"""),0.0) -> 0
A19: =IFERROR(__xludf.DUMMYFUNCTION("""COMPUTED_VALUE"""),90.0) -> 90 | B19: =IFERROR(__xludf.DUMMYFUNCTION("""COMPUTED_VALUE"""),46267.0) -> 46267 | C19: =IFERROR(__xludf.DUMMYFUNCTION("""COMPUTED_VALUE"""),"INREAN PHARMACEUTICAL") -> INREAN PHARMACEUTICAL | D19: =IFERROR(__xludf.DUMMYFUNCTION("""COMPUTED_VALUE"""),"Amol Indurkar (Director)") -> Amol Indurkar (Director) | E19: =IFERROR(__xludf.DUMMYFUNCTION("""COMPUTED_VALUE"""),"9713099555") -> 9713099555 | F19: =IFERROR(__xludf.DUMMYFUNCTION("""COMPUTED_VALUE"""),"amol@inrean.com") -> amol@inrean.com | G19: =IFERROR(__xludf.DUMMYFUNCTION("""COMPUTED_VALUE"""),"Ahmedabad") -> Ahmedabad | H19: =IFERROR(__xludf.DUMMYFUNCTION("""COMPUTED_VALUE"""),"India") -> India | I19: =IFERROR(__xludf.DUMMYFUNCTION("""COMPUTED_VALUE"""),"India") -> India | J19: =IFERROR(__xludf.DUMMYFUNCTION("""COMPUTED_VALUE"""),"Service") -> Service | K19: =IFERROR(__xludf.DUMMYFUNCTION("""COMPUTED_VALUE"""),"Healthcare") -> Healthcare | L19: =IFERROR(__xludf.DUMMYFUNCTION("""COMPUTED_VALUE"""),"Pharma") -> Pharma | N19: =IFERROR(__xludf.DUMMYFUNCTION("""COMPUTED_VALUE"""),"Event/Expo") -> Event/Expo | O19: =IFERROR(__xludf.DUMMYFUNCTION("""COMPUTED_VALUE"""),"Aastha") -> Aastha | P19: =IFERROR(__xludf.DUMMYFUNCTION("""COMPUTED_VALUE"""),"Cold") -> Cold | Q19: =IFERROR(__xludf.DUMMYFUNCTION("""COMPUTED_VALUE"""),"New") -> New | R19: =IFERROR(__xludf.DUMMYFUNCTION("""COMPUTED_VALUE"""),"Not Started") -> Not Started | U19: =IFERROR(__xludf.DUMMYFUNCTION("""COMPUTED_VALUE"""),"Not Scheduled") -> Not Scheduled | AA19: =IFERROR(__xludf.DUMMYFUNCTION("""COMPUTED_VALUE"""),0.0) -> 0
A20: =IFERROR(__xludf.DUMMYFUNCTION("""COMPUTED_VALUE"""),118.0) -> 118 | B20: =IFERROR(__xludf.DUMMYFUNCTION("""COMPUTED_VALUE"""),46274.0) -> 46274 | C20: =IFERROR(__xludf.DUMMYFUNCTION("""COMPUTED_VALUE"""),"Fabuler Life Sciences") -> Fabuler Life Sciences | D20: =IFERROR(__xludf.DUMMYFUNCTION("""COMPUTED_VALUE"""),"Parth Vyas") -> Parth Vyas | E20: =IFERROR(__xludf.DUMMYFUNCTION("""COMPUTED_VALUE"""),"7575076762") -> 7575076762 | G20: =IFERROR(__xludf.DUMMYFUNCTION("""COMPUTED_VALUE"""),"Ahmedabad") -> Ahmedabad | H20: =IFERROR(__xludf.DUMMYFUNCTION("""COMPUTED_VALUE"""),"India") -> India | I20: =IFERROR(__xludf.DUMMYFUNCTION("""COMPUTED_VALUE"""),"India") -> India | J20: =IFERROR(__xludf.DUMMYFUNCTION("""COMPUTED_VALUE"""),"Service") -> Service | K20: =IFERROR(__xludf.DUMMYFUNCTION("""COMPUTED_VALUE"""),"Healthcare") -> Healthcare | L20: =IFERROR(__xludf.DUMMYFUNCTION("""COMPUTED_VALUE"""),"Pharma") -> Pharma | N20: =IFERROR(__xludf.DUMMYFUNCTION("""COMPUTED_VALUE"""),"Cold Outreach") -> Cold Outreach | O20: =IFERROR(__xludf.DUMMYFUNCTION("""COMPUTED_VALUE"""),"Aastha") -> Aastha | U20: =IFERROR(__xludf.DUMMYFUNCTION("""COMPUTED_VALUE"""),"Not Scheduled") -> Not Scheduled | AA20: =IFERROR(__xludf.DUMMYFUNCTION("""COMPUTED_VALUE"""),0.0) -> 0
A21: =IFERROR(__xludf.DUMMYFUNCTION("""COMPUTED_VALUE"""),131.0) -> 131 | B21: =IFERROR(__xludf.DUMMYFUNCTION("""COMPUTED_VALUE"""),46296.0) -> 46296 | C21: =IFERROR(__xludf.DUMMYFUNCTION("""COMPUTED_VALUE"""),"Opes Healthcare") -> Opes Healthcare | D21: =IFERROR(__xludf.DUMMYFUNCTION("""COMPUTED_VALUE"""),"Ashok ") -> Ashok | E21: =IFERROR(__xludf.DUMMYFUNCTION("""COMPUTED_VALUE"""),"9824974641") -> 9824974641 | G21: =IFERROR(__xludf.DUMMYFUNCTION("""COMPUTED_VALUE"""),"Ahmedabad") -> Ahmedabad | H21: =IFERROR(__xludf.DUMMYFUNCTION("""COMPUTED_VALUE"""),"India") -> India | I21: =IFERROR(__xludf.DUMMYFUNCTION("""COMPUTED_VALUE"""),"India") -> India | J21: =IFERROR(__xludf.DUMMYFUNCTION("""COMPUTED_VALUE"""),"Service") -> Service | K21: =IFERROR(__xludf.DUMMYFUNCTION("""COMPUTED_VALUE"""),"Healthcare") -> Healthcare | L21: =IFERROR(__xludf.DUMMYFUNCTION("""COMPUTED_VALUE"""),"Pharma") -> Pharma | N21: =IFERROR(__xludf.DUMMYFUNCTION("""COMPUTED_VALUE"""),"Referral") -> Referral | P21: =IFERROR(__xludf.DUMMYFUNCTION("""COMPUTED_VALUE"""),"Hot") -> Hot | Q21: =IFERROR(__xludf.DUMMYFUNCTION("""COMPUTED_VALUE"""),"Demo/Meeting") -> Demo/Meeting | R21: =IFERROR(__xludf.DUMMYFUNCTION("""COMPUTED_VALUE"""),"1st Follow-Up") -> 1st Follow-Up | U21: =IFERROR(__xludf.DUMMYFUNCTION("""COMPUTED_VALUE"""),"Not Scheduled") -> Not Scheduled | AA21: =IFERROR(__xludf.DUMMYFUNCTION("""COMPUTED_VALUE"""),0.0) -> 0

Sheet Healthcare - Doctors
A1: Healthcare / Doctors Leads
A2: Read-only view from Master Leads. Add and update records in Master Leads so all reporting stays synchronized.
A5: Lead ID | B5: Date Added | C5: Company / Person | D5: Contact Person | E5: Phone / WhatsApp | F5: Email | G5: City | H5: Country | I5: Market | J5: Business Side | K5: Department / Product | L5: Category | M5: Requirement / Interested In | N5: Lead Source | O5: Assigned To | P5: Priority | Q5: Sales Stage | R5: Follow-Up Round | S5: Last Contact Date | T5: Next Follow-Up Date | U5: Follow-Up Status | V5: Next Action | W5: Meeting / Demo Date | X5: Proposal Date | Y5: Deal Value (INR) | Z5: Probability | AA5: Weighted Pipeline | AB5: Conversion / Close Date | AC5: Lost / Closed Reason | AD5: Notes
A6: =IFERROR(__xludf.DUMMYFUNCTION("IFERROR(FILTER('Master Leads'!$A$6:$AD$495, 'Master Leads'!$A$6:$A$495<>"""", 'Master Leads'!$K$6:$K$495=""Healthcare"", 'Master Leads'!$L$6:$L$495=""Doctors""), ""No matching leads yet"")"),41.0) -> 41 | B6: =IFERROR(__xludf.DUMMYFUNCTION("""COMPUTED_VALUE"""),46264.0) -> 46264 | C6: =IFERROR(__xludf.DUMMYFUNCTION("""COMPUTED_VALUE"""),"Walpar Group of Companies") -> Walpar Group of Companies | D6: =IFERROR(__xludf.DUMMYFUNCTION("""COMPUTED_VALUE"""),"Brijesh Vora (Production Head)") -> Brijesh Vora (Production Head) | E6: =IFERROR(__xludf.DUMMYFUNCTION("""COMPUTED_VALUE"""),"9722946420") -> 9722946420 | F6: =IFERROR(__xludf.DUMMYFUNCTION("""COMPUTED_VALUE"""),"brijesh.walpar@gmail.com") -> brijesh.walpar@gmail.com | G6: =IFERROR(__xludf.DUMMYFUNCTION("""COMPUTED_VALUE"""),"Kalol") -> Kalol | H6: =IFERROR(__xludf.DUMMYFUNCTION("""COMPUTED_VALUE"""),"India") -> India | I6: =IFERROR(__xludf.DUMMYFUNCTION("""COMPUTED_VALUE"""),"India") -> India | J6: =IFERROR(__xludf.DUMMYFUNCTION("""COMPUTED_VALUE"""),"Service") -> Service | K6: =IFERROR(__xludf.DUMMYFUNCTION("""COMPUTED_VALUE"""),"Healthcare") -> Healthcare | L6: =IFERROR(__xludf.DUMMYFUNCTION("""COMPUTED_VALUE"""),"Doctors") -> Doctors | N6: =IFERROR(__xludf.DUMMYFUNCTION("""COMPUTED_VALUE"""),"Event/Expo") -> Event/Expo | O6: =IFERROR(__xludf.DUMMYFUNCTION("""COMPUTED_VALUE"""),"Aastha") -> Aastha | P6: =IFERROR(__xludf.DUMMYFUNCTION("""COMPUTED_VALUE"""),"Cold") -> Cold | Q6: =IFERROR(__xludf.DUMMYFUNCTION("""COMPUTED_VALUE"""),"New") -> New | R6: =IFERROR(__xludf.DUMMYFUNCTION("""COMPUTED_VALUE"""),"Not Started") -> Not Started | U6: =IFERROR(__xludf.DUMMYFUNCTION("""COMPUTED_VALUE"""),"Not Scheduled") -> Not Scheduled | AA6: =IFERROR(__xludf.DUMMYFUNCTION("""COMPUTED_VALUE"""),0.0) -> 0
A7: =IFERROR(__xludf.DUMMYFUNCTION("""COMPUTED_VALUE"""),74.0) -> 74 | B7: =IFERROR(__xludf.DUMMYFUNCTION("""COMPUTED_VALUE"""),46267.0) -> 46267 | C7: =IFERROR(__xludf.DUMMYFUNCTION("""COMPUTED_VALUE"""),"SAL Hospital") -> SAL Hospital | D7: =IFERROR(__xludf.DUMMYFUNCTION("""COMPUTED_VALUE"""),"Dipak Dasgupta (Hospital Administrator)") -> Dipak Dasgupta (Hospital Administrator) | E7: =IFERROR(__xludf.DUMMYFUNCTION("""COMPUTED_VALUE"""),"9586527057; 6357007130") -> 9586527057; 6357007130 | F7: =IFERROR(__xludf.DUMMYFUNCTION("""COMPUTED_VALUE"""),"dipak.dasgupta@sal.edu.in; salhospitalsciencecity@gmail.com") -> dipak.dasgupta@sal.edu.in; salhospitalsciencecity@gmail.com | G7: =IFERROR(__xludf.DUMMYFUNCTION("""COMPUTED_VALUE"""),"Ahmedabad") -> Ahmedabad | H7: =IFERROR(__xludf.DUMMYFUNCTION("""COMPUTED_VALUE"""),"India") -> India | I7: =IFERROR(__xludf.DUMMYFUNCTION("""COMPUTED_VALUE"""),"India") -> India | J7: =IFERROR(__xludf.DUMMYFUNCTION("""COMPUTED_VALUE"""),"Service") -> Service | K7: =IFERROR(__xludf.DUMMYFUNCTION("""COMPUTED_VALUE"""),"Healthcare") -> Healthcare | L7: =IFERROR(__xludf.DUMMYFUNCTION("""COMPUTED_VALUE"""),"Doctors") -> Doctors | N7: =IFERROR(__xludf.DUMMYFUNCTION("""COMPUTED_VALUE"""),"Event/Expo") -> Event/Expo | O7: =IFERROR(__xludf.DUMMYFUNCTION("""COMPUTED_VALUE"""),"Aastha") -> Aastha | P7: =IFERROR(__xludf.DUMMYFUNCTION("""COMPUTED_VALUE"""),"Cold") -> Cold | Q7: =IFERROR(__xludf.DUMMYFUNCTION("""COMPUTED_VALUE"""),"New") -> New | R7: =IFERROR(__xludf.DUMMYFUNCTION("""COMPUTED_VALUE"""),"Not Started") -> Not Started | U7: =IFERROR(__xludf.DUMMYFUNCTION("""COMPUTED_VALUE"""),"Not Scheduled") -> Not Scheduled | AA7: =IFERROR(__xludf.DUMMYFUNCTION("""COMPUTED_VALUE"""),0.0) -> 0

Sheet Healthcare - Other
A1: Healthcare / Other Healthcare Leads
A2: Read-only view from Master Leads. Add and update records in Master Leads so all reporting stays synchronized.
A5: Lead ID | B5: Date Added | C5: Company / Person | D5: Contact Person | E5: Phone / WhatsApp | F5: Email | G5: City | H5: Country | I5: Market | J5: Business Side | K5: Department / Product | L5: Category | M5: Requirement / Interested In | N5: Lead Source | O5: Assigned To | P5: Priority | Q5: Sales Stage | R5: Follow-Up Round | S5: Last Contact Date | T5: Next Follow-Up Date | U5: Follow-Up Status | V5: Next Action | W5: Meeting / Demo Date | X5: Proposal Date | Y5: Deal Value (INR) | Z5: Probability | AA5: Weighted Pipeline | AB5: Conversion / Close Date | AC5: Lost / Closed Reason | AD5: Notes
A6: =IFERROR(__xludf.DUMMYFUNCTION("IFERROR(FILTER('Master Leads'!$A$6:$AD$495, 'Master Leads'!$A$6:$A$495<>"""", 'Master Leads'!$K$6:$K$495=""Healthcare"", 'Master Leads'!$L$6:$L$495=""Other Healthcare""), ""No matching leads yet"")"),6.0) -> 6 | B6: =IFERROR(__xludf.DUMMYFUNCTION("""COMPUTED_VALUE"""),46264.0) -> 46264 | C6: =IFERROR(__xludf.DUMMYFUNCTION("""COMPUTED_VALUE"""),"Strikar") -> Strikar | D6: =IFERROR(__xludf.DUMMYFUNCTION("""COMPUTED_VALUE"""),"Mitali") -> Mitali | E6: =IFERROR(__xludf.DUMMYFUNCTION("""COMPUTED_VALUE"""),"9773433064") -> 9773433064 | G6: =IFERROR(__xludf.DUMMYFUNCTION("""COMPUTED_VALUE"""),"Ahmedabad") -> Ahmedabad | H6: =IFERROR(__xludf.DUMMYFUNCTION("""COMPUTED_VALUE"""),"India") -> India | I6: =IFERROR(__xludf.DUMMYFUNCTION("""COMPUTED_VALUE"""),"India") -> India | J6: =IFERROR(__xludf.DUMMYFUNCTION("""COMPUTED_VALUE"""),"Service") -> Service | K6: =IFERROR(__xludf.DUMMYFUNCTION("""COMPUTED_VALUE"""),"Healthcare") -> Healthcare | L6: =IFERROR(__xludf.DUMMYFUNCTION("""COMPUTED_VALUE"""),"Other Healthcare") -> Other Healthcare | N6: =IFERROR(__xludf.DUMMYFUNCTION("""COMPUTED_VALUE"""),"Event/Expo") -> Event/Expo | O6: =IFERROR(__xludf.DUMMYFUNCTION("""COMPUTED_VALUE"""),"Aastha") -> Aastha | P6: =IFERROR(__xludf.DUMMYFUNCTION("""COMPUTED_VALUE"""),"Hot") -> Hot | Q6: =IFERROR(__xludf.DUMMYFUNCTION("""COMPUTED_VALUE"""),"Converted") -> Converted | R6: =IFERROR(__xludf.DUMMYFUNCTION("""COMPUTED_VALUE"""),"Follow-Up Complete") -> Follow-Up Complete | S6: =IFERROR(__xludf.DUMMYFUNCTION("""COMPUTED_VALUE"""),46272.0) -> 46272 | U6: =IFERROR(__xludf.DUMMYFUNCTION("""COMPUTED_VALUE"""),"Completed") -> Completed | AA6: =IFERROR(__xludf.DUMMYFUNCTION("""COMPUTED_VALUE"""),0.0) -> 0
A7: =IFERROR(__xludf.DUMMYFUNCTION("""COMPUTED_VALUE"""),11.0) -> 11 | B7: =IFERROR(__xludf.DUMMYFUNCTION("""COMPUTED_VALUE"""),46264.0) -> 46264 | C7: =IFERROR(__xludf.DUMMYFUNCTION("""COMPUTED_VALUE"""),"Anison Pharmatech ") -> Anison Pharmatech | D7: =IFERROR(__xludf.DUMMYFUNCTION("""COMPUTED_VALUE"""),"Anis husain") -> Anis husain | E7: =IFERROR(__xludf.DUMMYFUNCTION("""COMPUTED_VALUE"""),"9499646116") -> 9499646116 | G7: =IFERROR(__xludf.DUMMYFUNCTION("""COMPUTED_VALUE"""),"Ahmedabad") -> Ahmedabad | H7: =IFERROR(__xludf.DUMMYFUNCTION("""COMPUTED_VALUE"""),"India") -> India | I7: =IFERROR(__xludf.DUMMYFUNCTION("""COMPUTED_VALUE"""),"India") -> India | J7: =IFERROR(__xludf.DUMMYFUNCTION("""COMPUTED_VALUE"""),"Service") -> Service | K7: =IFERROR(__xludf.DUMMYFUNCTION("""COMPUTED_VALUE"""),"Healthcare") -> Healthcare | L7: =IFERROR(__xludf.DUMMYFUNCTION("""COMPUTED_VALUE"""),"Other Healthcare") -> Other Healthcare | N7: =IFERROR(__xludf.DUMMYFUNCTION("""COMPUTED_VALUE"""),"Event/Expo") -> Event/Expo | O7: =IFERROR(__xludf.DUMMYFUNCTION("""COMPUTED_VALUE"""),"Aastha") -> Aastha | P7: =IFERROR(__xludf.DUMMYFUNCTION("""COMPUTED_VALUE"""),"Medium") -> Medium | Q7: =IFERROR(__xludf.DUMMYFUNCTION("""COMPUTED_VALUE"""),"Qualified") -> Qualified | R7: =IFERROR(__xludf.DUMMYFUNCTION("""COMPUTED_VALUE"""),"Follow-Up Complete") -> Follow-Up Complete | S7: =IFERROR(__xludf.DUMMYFUNCTION("""COMPUTED_VALUE"""),46264.0) -> 46264 | U7: =IFERROR(__xludf.DUMMYFUNCTION("""COMPUTED_VALUE"""),"Not Scheduled") -> Not Scheduled | AA7: =IFERROR(__xludf.DUMMYFUNCTION("""COMPUTED_VALUE"""),0.0) -> 0
A8: =IFERROR(__xludf.DUMMYFUNCTION("""COMPUTED_VALUE"""),16.0) -> 16 | B8: =IFERROR(__xludf.DUMMYFUNCTION("""COMPUTED_VALUE"""),46264.0) -> 46264 | C8: =IFERROR(__xludf.DUMMYFUNCTION("""COMPUTED_VALUE"""),"Abad Healthcare") -> Abad Healthcare | D8: =IFERROR(__xludf.DUMMYFUNCTION("""COMPUTED_VALUE"""),"Heeram Ladhwala") -> Heeram Ladhwala | E8: =IFERROR(__xludf.DUMMYFUNCTION("""COMPUTED_VALUE"""),"9106868413") -> 9106868413 | G8: =IFERROR(__xludf.DUMMYFUNCTION("""COMPUTED_VALUE"""),"Ahmedabad") -> Ahmedabad | H8: =IFERROR(__xludf.DUMMYFUNCTION("""COMPUTED_VALUE"""),"India") -> India | I8: =IFERROR(__xludf.DUMMYFUNCTION("""COMPUTED_VALUE"""),"India") -> India | J8: =IFERROR(__xludf.DUMMYFUNCTION("""COMPUTED_VALUE"""),"Service") -> Service | K8: =IFERROR(__xludf.DUMMYFUNCTION("""COMPUTED_VALUE"""),"Healthcare") -> Healthcare | L8: =IFERROR(__xludf.DUMMYFUNCTION("""COMPUTED_VALUE"""),"Other Healthcare") -> Other Healthcare | N8: =IFERROR(__xludf.DUMMYFUNCTION("""COMPUTED_VALUE"""),"Event/Expo") -> Event/Expo | O8: =IFERROR(__xludf.DUMMYFUNCTION("""COMPUTED_VALUE"""),"Aastha") -> Aastha | P8: =IFERROR(__xludf.DUMMYFUNCTION("""COMPUTED_VALUE"""),"Hot") -> Hot | Q8: =IFERROR(__xludf.DUMMYFUNCTION("""COMPUTED_VALUE"""),"Demo/Meeting") -> Demo/Meeting | R8: =IFERROR(__xludf.DUMMYFUNCTION("""COMPUTED_VALUE"""),"2nd Follow-Up") -> 2nd Follow-Up | S8: =IFERROR(__xludf.DUMMYFUNCTION("""COMPUTED_VALUE"""),46265.0) -> 46265 | U8: =IFERROR(__xludf.DUMMYFUNCTION("""COMPUTED_VALUE"""),"Not Scheduled") -> Not Scheduled | AA8: =IFERROR(__xludf.DUMMYFUNCTION("""COMPUTED_VALUE"""),0.0) -> 0
A9: =IFERROR(__xludf.DUMMYFUNCTION("""COMPUTED_VALUE"""),17.0) -> 17 | B9: =IFERROR(__xludf.DUMMYFUNCTION("""COMPUTED_VALUE"""),46264.0) -> 46264 | C9: =IFERROR(__xludf.DUMMYFUNCTION("""COMPUTED_VALUE"""),"Divine Secret Pharma") -> Divine Secret Pharma | D9: =IFERROR(__xludf.DUMMYFUNCTION("""COMPUTED_VALUE"""),"Mayur Solanki ") -> Mayur Solanki | E9: =IFERROR(__xludf.DUMMYFUNCTION("""COMPUTED_VALUE"""),"9054070890") -> 9054070890 | G9: =IFERROR(__xludf.DUMMYFUNCTION("""COMPUTED_VALUE"""),"Ahmedabad") -> Ahmedabad | H9: =IFERROR(__xludf.DUMMYFUNCTION("""COMPUTED_VALUE"""),"India") -> India | I9: =IFERROR(__xludf.DUMMYFUNCTION("""COMPUTED_VALUE"""),"India") -> India | J9: =IFERROR(__xludf.DUMMYFUNCTION("""COMPUTED_VALUE"""),"Service") -> Service | K9: =IFERROR(__xludf.DUMMYFUNCTION("""COMPUTED_VALUE"""),"Healthcare") -> Healthcare | L9: =IFERROR(__xludf.DUMMYFUNCTION("""COMPUTED_VALUE"""),"Other Healthcare") -> Other Healthcare | N9: =IFERROR(__xludf.DUMMYFUNCTION("""COMPUTED_VALUE"""),"Event/Expo") -> Event/Expo | O9: =IFERROR(__xludf.DUMMYFUNCTION("""COMPUTED_VALUE"""),"Aastha") -> Aastha | P9: =IFERROR(__xludf.DUMMYFUNCTION("""COMPUTED_VALUE"""),"Cold") -> Cold | Q9: =IFERROR(__xludf.DUMMYFUNCTION("""COMPUTED_VALUE"""),"New") -> New | R9: =IFERROR(__xludf.DUMMYFUNCTION("""COMPUTED_VALUE"""),"Not Started") -> Not Started | U9: =IFERROR(__xludf.DUMMYFUNCTION("""COMPUTED_VALUE"""),"Not Scheduled") -> Not Scheduled | AA9: =IFERROR(__xludf.DUMMYFUNCTION("""COMPUTED_VALUE"""),0.0) -> 0
A10: =IFERROR(__xludf.DUMMYFUNCTION("""COMPUTED_VALUE"""),18.0) -> 18 | B10: =IFERROR(__xludf.DUMMYFUNCTION("""COMPUTED_VALUE"""),46264.0) -> 46264 | C10: =IFERROR(__xludf.DUMMYFUNCTION("""COMPUTED_VALUE"""),"Jigneshkumar") -> Jigneshkumar | D10: =IFERROR(__xludf.DUMMYFUNCTION("""COMPUTED_VALUE"""),"Jigneshkumar") -> Jigneshkumar | E10: =IFERROR(__xludf.DUMMYFUNCTION("""COMPUTED_VALUE"""),"9428081191") -> 9428081191 | G10: =IFERROR(__xludf.DUMMYFUNCTION("""COMPUTED_VALUE"""),"Ahmedabad") -> Ahmedabad | H10: =IFERROR(__xludf.DUMMYFUNCTION("""COMPUTED_VALUE"""),"India") -> India | I10: =IFERROR(__xludf.DUMMYFUNCTION("""COMPUTED_VALUE"""),"India") -> India | J10: =IFERROR(__xludf.DUMMYFUNCTION("""COMPUTED_VALUE"""),"Service") -> Service | K10: =IFERROR(__xludf.DUMMYFUNCTION("""COMPUTED_VALUE"""),"Healthcare") -> Healthcare | L10: =IFERROR(__xludf.DUMMYFUNCTION("""COMPUTED_VALUE"""),"Other Healthcare") -> Other Healthcare | N10: =IFERROR(__xludf.DUMMYFUNCTION("""COMPUTED_VALUE"""),"Event/Expo") -> Event/Expo | O10: =IFERROR(__xludf.DUMMYFUNCTION("""COMPUTED_VALUE"""),"Aastha") -> Aastha | P10: =IFERROR(__xludf.DUMMYFUNCTION("""COMPUTED_VALUE"""),"Hot") -> Hot | Q10: =IFERROR(__xludf.DUMMYFUNCTION("""COMPUTED_VALUE"""),"Contacted") -> Contacted | R10: =IFERROR(__xludf.DUMMYFUNCTION("""COMPUTED_VALUE"""),"Initial Contact") -> Initial Contact | S10: =IFERROR(__xludf.DUMMYFUNCTION("""COMPUTED_VALUE"""),46269.0) -> 46269 | U10: =IFERROR(__xludf.DUMMYFUNCTION("""COMPUTED_VALUE"""),"Not Scheduled") -> Not Scheduled | AA10: =IFERROR(__xludf.DUMMYFUNCTION("""COMPUTED_VALUE"""),0.0) -> 0
A11: =IFERROR(__xludf.DUMMYFUNCTION("""COMPUTED_VALUE"""),20.0) -> 20 | B11: =IFERROR(__xludf.DUMMYFUNCTION("""COMPUTED_VALUE"""),46264.0) -> 46264 | C11: =IFERROR(__xludf.DUMMYFUNCTION("""COMPUTED_VALUE"""),"Bhagat Pharmatech") -> Bhagat Pharmatech | D11: =IFERROR(__xludf.DUMMYFUNCTION("""COMPUTED_VALUE"""),"Manoj VNSGU") -> Manoj VNSGU | E11: =IFERROR(__xludf.DUMMYFUNCTION("""COMPUTED_VALUE"""),"9723526717 / 9023424674") -> 9723526717 / 9023424674 | G11: =IFERROR(__xludf.DUMMYFUNCTION("""COMPUTED_VALUE"""),"Ahmedabad") -> Ahmedabad | H11: =IFERROR(__xludf.DUMMYFUNCTION("""COMPUTED_VALUE"""),"India") -> India | I11: =IFERROR(__xludf.DUMMYFUNCTION("""COMPUTED_VALUE"""),"India") -> India | J11: =IFERROR(__xludf.DUMMYFUNCTION("""COMPUTED_VALUE"""),"Service") -> Service | K11: =IFERROR(__xludf.DUMMYFUNCTION("""COMPUTED_VALUE"""),"Healthcare") -> Healthcare | L11: =IFERROR(__xludf.DUMMYFUNCTION("""COMPUTED_VALUE"""),"Other Healthcare") -> Other Healthcare | N11: =IFERROR(__xludf.DUMMYFUNCTION("""COMPUTED_VALUE"""),"Event/Expo") -> Event/Expo | O11: =IFERROR(__xludf.DUMMYFUNCTION("""COMPUTED_VALUE"""),"Aastha") -> Aastha | P11: =IFERROR(__xludf.DUMMYFUNCTION("""COMPUTED_VALUE"""),"Cold") -> Cold | Q11: =IFERROR(__xludf.DUMMYFUNCTION("""COMPUTED_VALUE"""),"New") -> New | R11: =IFERROR(__xludf.DUMMYFUNCTION("""COMPUTED_VALUE"""),"Not Started") -> Not Started | U11: =IFERROR(__xludf.DUMMYFUNCTION("""COMPUTED_VALUE"""),"Not Scheduled") -> Not Scheduled | AA11: =IFERROR(__xludf.DUMMYFUNCTION("""COMPUTED_VALUE"""),0.0) -> 0
A12: =IFERROR(__xludf.DUMMYFUNCTION("""COMPUTED_VALUE"""),21.0) -> 21 | B12: =IFERROR(__xludf.DUMMYFUNCTION("""COMPUTED_VALUE"""),46264.0) -> 46264 | C12: =IFERROR(__xludf.DUMMYFUNCTION("""COMPUTED_VALUE"""),"Neo India Lifeline") -> Neo India Lifeline | D12: =IFERROR(__xludf.DUMMYFUNCTION("""COMPUTED_VALUE"""),"Khevna Maniar") -> Khevna Maniar | E12: =IFERROR(__xludf.DUMMYFUNCTION("""COMPUTED_VALUE"""),"9898107362") -> 9898107362 | G12: =IFERROR(__xludf.DUMMYFUNCTION("""COMPUTED_VALUE"""),"Ahmedabad") -> Ahmedabad | H12: =IFERROR(__xludf.DUMMYFUNCTION("""COMPUTED_VALUE"""),"India") -> India | I12: =IFERROR(__xludf.DUMMYFUNCTION("""COMPUTED_VALUE"""),"India") -> India | J12: =IFERROR(__xludf.DUMMYFUNCTION("""COMPUTED_VALUE"""),"Service") -> Service | K12: =IFERROR(__xludf.DUMMYFUNCTION("""COMPUTED_VALUE"""),"Healthcare") -> Healthcare | L12: =IFERROR(__xludf.DUMMYFUNCTION("""COMPUTED_VALUE"""),"Other Healthcare") -> Other Healthcare | N12: =IFERROR(__xludf.DUMMYFUNCTION("""COMPUTED_VALUE"""),"Event/Expo") -> Event/Expo | O12: =IFERROR(__xludf.DUMMYFUNCTION("""COMPUTED_VALUE"""),"Aastha") -> Aastha | P12: =IFERROR(__xludf.DUMMYFUNCTION("""COMPUTED_VALUE"""),"Hot") -> Hot | Q12: =IFERROR(__xludf.DUMMYFUNCTION("""COMPUTED_VALUE"""),"Qualified") -> Qualified | R12: =IFERROR(__xludf.DUMMYFUNCTION("""COMPUTED_VALUE"""),"2nd Follow-Up") -> 2nd Follow-Up | S12: =IFERROR(__xludf.DUMMYFUNCTION("""COMPUTED_VALUE"""),46272.0) -> 46272 | U12: =IFERROR(__xludf.DUMMYFUNCTION("""COMPUTED_VALUE"""),"Not Scheduled") -> Not Scheduled | AA12: =IFERROR(__xludf.DUMMYFUNCTION("""COMPUTED_VALUE"""),0.0) -> 0
A13: =IFERROR(__xludf.DUMMYFUNCTION("""COMPUTED_VALUE"""),22.0) -> 22 | B13: =IFERROR(__xludf.DUMMYFUNCTION("""COMPUTED_VALUE"""),46264.0) -> 46264 | C13: =IFERROR(__xludf.DUMMYFUNCTION("""COMPUTED_VALUE"""),"Chapter 1") -> Chapter 1 | D13: =IFERROR(__xludf.DUMMYFUNCTION("""COMPUTED_VALUE"""),"Ankit Mandal") -> Ankit Mandal | E13: =IFERROR(__xludf.DUMMYFUNCTION("""COMPUTED_VALUE"""),"8530465246") -> 8530465246 | F13: =IFERROR(__xludf.DUMMYFUNCTION("""COMPUTED_VALUE"""),"hello@chapter1.finance") -> hello@chapter1.finance | G13: =IFERROR(__xludf.DUMMYFUNCTION("""COMPUTED_VALUE"""),"Surat") -> Surat | H13: =IFERROR(__xludf.DUMMYFUNCTION("""COMPUTED_VALUE"""),"India") -> India | I13: =IFERROR(__xludf.DUMMYFUNCTION("""COMPUTED_VALUE"""),"India") -> India | J13: =IFERROR(__xludf.DUMMYFUNCTION("""COMPUTED_VALUE"""),"Service") -> Service | K13: =IFERROR(__xludf.DUMMYFUNCTION("""COMPUTED_VALUE"""),"Healthcare") -> Healthcare | L13: =IFERROR(__xludf.DUMMYFUNCTION("""COMPUTED_VALUE"""),"Other Healthcare") -> Other Healthcare | N13: =IFERROR(__xludf.DUMMYFUNCTION("""COMPUTED_VALUE"""),"Event/Expo") -> Event/Expo | O13: =IFERROR(__xludf.DUMMYFUNCTION("""COMPUTED_VALUE"""),"Aastha") -> Aastha | P13: =IFERROR(__xludf.DUMMYFUNCTION("""COMPUTED_VALUE"""),"Cold") -> Cold | Q13: =IFERROR(__xludf.DUMMYFUNCTION("""COMPUTED_VALUE"""),"Lost") -> Lost | R13: =IFERROR(__xludf.DUMMYFUNCTION("""COMPUTED_VALUE"""),"Initial Contact") -> Initial Contact | S13: =IFERROR(__xludf.DUMMYFUNCTION("""COMPUTED_VALUE"""),46269.0) -> 46269 | U13: =IFERROR(__xludf.DUMMYFUNCTION("""COMPUTED_VALUE"""),"Completed") -> Completed | AA13: =IFERROR(__xludf.DUMMYFUNCTION("""COMPUTED_VALUE"""),0.0) -> 0
A14: =IFERROR(__xludf.DUMMYFUNCTION("""COMPUTED_VALUE"""),23.0) -> 23 | B14: =IFERROR(__xludf.DUMMYFUNCTION("""COMPUTED_VALUE"""),46264.0) -> 46264 | C14: =IFERROR(__xludf.DUMMYFUNCTION("""COMPUTED_VALUE"""),"Raj Polymer") -> Raj Polymer | D14: =IFERROR(__xludf.DUMMYFUNCTION("""COMPUTED_VALUE"""),"Vipin Tiwari") -> Vipin Tiwari | E14: =IFERROR(__xludf.DUMMYFUNCTION("""COMPUTED_VALUE"""),"9945185088 / 8970350803") -> 9945185088 / 8970350803 | F14: =IFERROR(__xludf.DUMMYFUNCTION("""COMPUTED_VALUE"""),"vipin@rajploymer.com rajpolymer00@gmail.com") -> vipin@rajploymer.com rajpolymer00@gmail.com | G14: =IFERROR(__xludf.DUMMYFUNCTION("""COMPUTED_VALUE"""),"Chikka Gollarahatti Bengaluru, Karnataka") -> Chikka Gollarahatti Bengaluru, Karnataka | H14: =IFERROR(__xludf.DUMMYFUNCTION("""COMPUTED_VALUE"""),"India") -> India | I14: =IFERROR(__xludf.DUMMYFUNCTION("""COMPUTED_VALUE"""),"India") -> India | J14: =IFERROR(__xludf.DUMMYFUNCTION("""COMPUTED_VALUE"""),"Service") -> Service | K14: =IFERROR(__xludf.DUMMYFUNCTION("""COMPUTED_VALUE"""),"Healthcare") -> Healthcare | L14: =IFERROR(__xludf.DUMMYFUNCTION("""COMPUTED_VALUE"""),"Other Healthcare") -> Other Healthcare | N14: =IFERROR(__xludf.DUMMYFUNCTION("""COMPUTED_VALUE"""),"Event/Expo") -> Event/Expo | O14: =IFERROR(__xludf.DUMMYFUNCTION("""COMPUTED_VALUE"""),"Aastha") -> Aastha | P14: =IFERROR(__xludf.DUMMYFUNCTION("""COMPUTED_VALUE"""),"Cold") -> Cold | Q14: =IFERROR(__xludf.DUMMYFUNCTION("""COMPUTED_VALUE"""),"New") -> New | R14: =IFERROR(__xludf.DUMMYFUNCTION("""COMPUTED_VALUE"""),"Not Started") -> Not Started | U14: =IFERROR(__xludf.DUMMYFUNCTION("""COMPUTED_VALUE"""),"Not Scheduled") -> Not Scheduled | AA14: =IFERROR(__xludf.DUMMYFUNCTION("""COMPUTED_VALUE"""),0.0) -> 0
A15: =IFERROR(__xludf.DUMMYFUNCTION("""COMPUTED_VALUE"""),24.0) -> 24 | B15: =IFERROR(__xludf.DUMMYFUNCTION("""COMPUTED_VALUE"""),46264.0) -> 46264 | C15: =IFERROR(__xludf.DUMMYFUNCTION("""COMPUTED_VALUE"""),"Novatoz Scientific LLP") -> Novatoz Scientific LLP | D15: =IFERROR(__xludf.DUMMYFUNCTION("""COMPUTED_VALUE"""),"Sandip Patel") -> Sandip Patel | E15: =IFERROR(__xludf.DUMMYFUNCTION("""COMPUTED_VALUE"""),"9724330701") -> 9724330701 | F15: =IFERROR(__xludf.DUMMYFUNCTION("""COMPUTED_VALUE"""),"info.novatoz@gmail.com") -> info.novatoz@gmail.com | G15: =IFERROR(__xludf.DUMMYFUNCTION("""COMPUTED_VALUE"""),"Ahmedabad") -> Ahmedabad | H15: =IFERROR(__xludf.DUMMYFUNCTION("""COMPUTED_VALUE"""),"India") -> India | I15: =IFERROR(__xludf.DUMMYFUNCTION("""COMPUTED_VALUE"""),"India") -> India | J15: =IFERROR(__xludf.DUMMYFUNCTION("""COMPUTED_VALUE"""),"Service") -> Service | K15: =IFERROR(__xludf.DUMMYFUNCTION("""COMPUTED_VALUE"""),"Healthcare") -> Healthcare | L15: =IFERROR(__xludf.DUMMYFUNCTION("""COMPUTED_VALUE"""),"Other Healthcare") -> Other Healthcare | N15: =IFERROR(__xludf.DUMMYFUNCTION("""COMPUTED_VALUE"""),"Event/Expo") -> Event/Expo | O15: =IFERROR(__xludf.DUMMYFUNCTION("""COMPUTED_VALUE"""),"Aastha") -> Aastha | P15: =IFERROR(__xludf.DUMMYFUNCTION("""COMPUTED_VALUE"""),"Cold") -> Cold | Q15: =IFERROR(__xludf.DUMMYFUNCTION("""COMPUTED_VALUE"""),"New") -> New | R15: =IFERROR(__xludf.DUMMYFUNCTION("""COMPUTED_VALUE"""),"Not Started") -> Not Started | U15: =IFERROR(__xludf.DUMMYFUNCTION("""COMPUTED_VALUE"""),"Not Scheduled") -> Not Scheduled | AA15: =IFERROR(__xludf.DUMMYFUNCTION("""COMPUTED_VALUE"""),0.0) -> 0
A16: =IFERROR(__xludf.DUMMYFUNCTION("""COMPUTED_VALUE"""),27.0) -> 27 | B16: =IFERROR(__xludf.DUMMYFUNCTION("""COMPUTED_VALUE"""),46264.0) -> 46264 | C16: =IFERROR(__xludf.DUMMYFUNCTION("""COMPUTED_VALUE"""),"Marengo CIMS Hospital / Marengo Asia Healthcare Private Limited") -> Marengo CIMS Hospital / Marengo Asia Healthcare Private Limited | D16: =IFERROR(__xludf.DUMMYFUNCTION("""COMPUTED_VALUE"""),"Dr Bhagyesh Shah") -> Dr Bhagyesh Shah | E16: =IFERROR(__xludf.DUMMYFUNCTION("""COMPUTED_VALUE"""),"9099068938") -> 9099068938 | F16: =IFERROR(__xludf.DUMMYFUNCTION("""COMPUTED_VALUE"""),"bhagyesh.shah@marengoasia.com; marengocims.opd.rec@marengoasia.com") -> bhagyesh.shah@marengoasia.com; marengocims.opd.rec@marengoasia.com | G16: =IFERROR(__xludf.DUMMYFUNCTION("""COMPUTED_VALUE"""),"Ahmedabad") -> Ahmedabad | H16: =IFERROR(__xludf.DUMMYFUNCTION("""COMPUTED_VALUE"""),"India") -> India | I16: =IFERROR(__xludf.DUMMYFUNCTION("""COMPUTED_VALUE"""),"India") -> India | J16: =IFERROR(__xludf.DUMMYFUNCTION("""COMPUTED_VALUE"""),"Service") -> Service | K16: =IFERROR(__xludf.DUMMYFUNCTION("""COMPUTED_VALUE"""),"Healthcare") -> Healthcare | L16: =IFERROR(__xludf.DUMMYFUNCTION("""COMPUTED_VALUE"""),"Other Healthcare") -> Other Healthcare | N16: =IFERROR(__xludf.DUMMYFUNCTION("""COMPUTED_VALUE"""),"Event/Expo") -> Event/Expo | O16: =IFERROR(__xludf.DUMMYFUNCTION("""COMPUTED_VALUE"""),"Aastha") -> Aastha | P16: =IFERROR(__xludf.DUMMYFUNCTION("""COMPUTED_VALUE"""),"Cold") -> Cold | Q16: =IFERROR(__xludf.DUMMYFUNCTION("""COMPUTED_VALUE"""),"New") -> New | R16: =IFERROR(__xludf.DUMMYFUNCTION("""COMPUTED_VALUE"""),"Not Started") -> Not Started | U16: =IFERROR(__xludf.DUMMYFUNCTION("""COMPUTED_VALUE"""),"Not Scheduled") -> Not Scheduled | AA16: =IFERROR(__xludf.DUMMYFUNCTION("""COMPUTED_VALUE"""),0.0) -> 0
A17: =IFERROR(__xludf.DUMMYFUNCTION("""COMPUTED_VALUE"""),28.0) -> 28 | B17: =IFERROR(__xludf.DUMMYFUNCTION("""COMPUTED_VALUE"""),46264.0) -> 46264 | C17: =IFERROR(__xludf.DUMMYFUNCTION("""COMPUTED_VALUE"""),"Enervia Nutraceuticals Private Limited") -> Enervia Nutraceuticals Private Limited | D17: =IFERROR(__xludf.DUMMYFUNCTION("""COMPUTED_VALUE"""),"Sachin Thakkar (Director)") -> Sachin Thakkar (Director) | E17: =IFERROR(__xludf.DUMMYFUNCTION("""COMPUTED_VALUE"""),"9925044953") -> 9925044953 | F17: =IFERROR(__xludf.DUMMYFUNCTION("""COMPUTED_VALUE"""),"sachin.thakkar@enervia.in") -> sachin.thakkar@enervia.in | G17: =IFERROR(__xludf.DUMMYFUNCTION("""COMPUTED_VALUE"""),"Ahmedabad") -> Ahmedabad | H17: =IFERROR(__xludf.DUMMYFUNCTION("""COMPUTED_VALUE"""),"India") -> India | I17: =IFERROR(__xludf.DUMMYFUNCTION("""COMPUTED_VALUE"""),"India") -> India | J17: =IFERROR(__xludf.DUMMYFUNCTION("""COMPUTED_VALUE"""),"Service") -> Service | K17: =IFERROR(__xludf.DUMMYFUNCTION("""COMPUTED_VALUE"""),"Healthcare") -> Healthcare | L17: =IFERROR(__xludf.DUMMYFUNCTION("""COMPUTED_VALUE"""),"Other Healthcare") -> Other Healthcare | N17: =IFERROR(__xludf.DUMMYFUNCTION("""COMPUTED_VALUE"""),"Event/Expo") -> Event/Expo | O17: =IFERROR(__xludf.DUMMYFUNCTION("""COMPUTED_VALUE"""),"Aastha") -> Aastha | P17: =IFERROR(__xludf.DUMMYFUNCTION("""COMPUTED_VALUE"""),"Cold") -> Cold | Q17: =IFERROR(__xludf.DUMMYFUNCTION("""COMPUTED_VALUE"""),"New") -> New | R17: =IFERROR(__xludf.DUMMYFUNCTION("""COMPUTED_VALUE"""),"Not Started") -> Not Started | U17: =IFERROR(__xludf.DUMMYFUNCTION("""COMPUTED_VALUE"""),"Not Scheduled") -> Not Scheduled | AA17: =IFERROR(__xludf.DUMMYFUNCTION("""COMPUTED_VALUE"""),0.0) -> 0
A18: =IFERROR(__xludf.DUMMYFUNCTION("""COMPUTED_VALUE"""),42.0) -> 42 | B18: =IFERROR(__xludf.DUMMYFUNCTION("""COMPUTED_VALUE"""),46264.0) -> 46264 | C18: =IFERROR(__xludf.DUMMYFUNCTION("""COMPUTED_VALUE"""),"GPE EXPO PVT. LTD.") -> GPE EXPO PVT. LTD. | D18: =IFERROR(__xludf.DUMMYFUNCTION("""COMPUTED_VALUE"""),"Dhiraj Rathod (Executive, Exhibitions)") -> Dhiraj Rathod (Executive, Exhibitions) | E18: =IFERROR(__xludf.DUMMYFUNCTION("""COMPUTED_VALUE"""),"8980193333") -> 8980193333 | F18: =IFERROR(__xludf.DUMMYFUNCTION("""COMPUTED_VALUE"""),"info@GPEexpo.com") -> info@GPEexpo.com | H18: =IFERROR(__xludf.DUMMYFUNCTION("""COMPUTED_VALUE"""),"India") -> India | I18: =IFERROR(__xludf.DUMMYFUNCTION("""COMPUTED_VALUE"""),"India") -> India | J18: =IFERROR(__xludf.DUMMYFUNCTION("""COMPUTED_VALUE"""),"Service") -> Service | K18: =IFERROR(__xludf.DUMMYFUNCTION("""COMPUTED_VALUE"""),"Healthcare") -> Healthcare | L18: =IFERROR(__xludf.DUMMYFUNCTION("""COMPUTED_VALUE"""),"Other Healthcare") -> Other Healthcare | N18: =IFERROR(__xludf.DUMMYFUNCTION("""COMPUTED_VALUE"""),"Event/Expo") -> Event/Expo | O18: =IFERROR(__xludf.DUMMYFUNCTION("""COMPUTED_VALUE"""),"Aastha") -> Aastha | P18: =IFERROR(__xludf.DUMMYFUNCTION("""COMPUTED_VALUE"""),"Cold") -> Cold | Q18: =IFERROR(__xludf.DUMMYFUNCTION("""COMPUTED_VALUE"""),"New") -> New | R18: =IFERROR(__xludf.DUMMYFUNCTION("""COMPUTED_VALUE"""),"Not Started") -> Not Started | U18: =IFERROR(__xludf.DUMMYFUNCTION("""COMPUTED_VALUE"""),"Not Scheduled") -> Not Scheduled | AA18: =IFERROR(__xludf.DUMMYFUNCTION("""COMPUTED_VALUE"""),0.0) -> 0
A19: =IFERROR(__xludf.DUMMYFUNCTION("""COMPUTED_VALUE"""),51.0) -> 51 | B19: =IFERROR(__xludf.DUMMYFUNCTION("""COMPUTED_VALUE"""),46264.0) -> 46264 | C19: =IFERROR(__xludf.DUMMYFUNCTION("""COMPUTED_VALUE"""),"Dandekar (HVACR) System") -> Dandekar (HVACR) System | D19: =IFERROR(__xludf.DUMMYFUNCTION("""COMPUTED_VALUE"""),"Roshni Panchal") -> Roshni Panchal | E19: =IFERROR(__xludf.DUMMYFUNCTION("""COMPUTED_VALUE"""),"9426472954") -> 9426472954 | F19: =IFERROR(__xludf.DUMMYFUNCTION("""COMPUTED_VALUE"""),"dandekarhvacrsystem@hotmail.com; dandekarsons@hotmail.com") -> dandekarhvacrsystem@hotmail.com; dandekarsons@hotmail.com | G19: =IFERROR(__xludf.DUMMYFUNCTION("""COMPUTED_VALUE"""),"Vadodara") -> Vadodara | H19: =IFERROR(__xludf.DUMMYFUNCTION("""COMPUTED_VALUE"""),"India") -> India | I19: =IFERROR(__xludf.DUMMYFUNCTION("""COMPUTED_VALUE"""),"India") -> India | J19: =IFERROR(__xludf.DUMMYFUNCTION("""COMPUTED_VALUE"""),"Service") -> Service | K19: =IFERROR(__xludf.DUMMYFUNCTION("""COMPUTED_VALUE"""),"Healthcare") -> Healthcare | L19: =IFERROR(__xludf.DUMMYFUNCTION("""COMPUTED_VALUE"""),"Other Healthcare") -> Other Healthcare | N19: =IFERROR(__xludf.DUMMYFUNCTION("""COMPUTED_VALUE"""),"Event/Expo") -> Event/Expo | O19: =IFERROR(__xludf.DUMMYFUNCTION("""COMPUTED_VALUE"""),"Aastha") -> Aastha | P19: =IFERROR(__xludf.DUMMYFUNCTION("""COMPUTED_VALUE"""),"Cold") -> Cold | Q19: =IFERROR(__xludf.DUMMYFUNCTION("""COMPUTED_VALUE"""),"New") -> New | R19: =IFERROR(__xludf.DUMMYFUNCTION("""COMPUTED_VALUE"""),"Not Started") -> Not Started | U19: =IFERROR(__xludf.DUMMYFUNCTION("""COMPUTED_VALUE"""),"Not Scheduled") -> Not Scheduled | AA19: =IFERROR(__xludf.DUMMYFUNCTION("""COMPUTED_VALUE"""),0.0) -> 0
A20: =IFERROR(__xludf.DUMMYFUNCTION("""COMPUTED_VALUE"""),54.0) -> 54 | B20: =IFERROR(__xludf.DUMMYFUNCTION("""COMPUTED_VALUE"""),46267.0) -> 46267 | C20: =IFERROR(__xludf.DUMMYFUNCTION("""COMPUTED_VALUE"""),"Spares House") -> Spares House | D20: =IFERROR(__xludf.DUMMYFUNCTION("""COMPUTED_VALUE"""),"Unnati Sonawane (Founder)") -> Unnati Sonawane (Founder) | E20: =IFERROR(__xludf.DUMMYFUNCTION("""COMPUTED_VALUE"""),"9574854812; 7434945262") -> 9574854812; 7434945262 | F20: =IFERROR(__xludf.DUMMYFUNCTION("""COMPUTED_VALUE"""),"spareshouse2107@gmail.com") -> spareshouse2107@gmail.com | G20: =IFERROR(__xludf.DUMMYFUNCTION("""COMPUTED_VALUE"""),"Ahmedabad") -> Ahmedabad | H20: =IFERROR(__xludf.DUMMYFUNCTION("""COMPUTED_VALUE"""),"India") -> India | I20: =IFERROR(__xludf.DUMMYFUNCTION("""COMPUTED_VALUE"""),"India") -> India | J20: =IFERROR(__xludf.DUMMYFUNCTION("""COMPUTED_VALUE"""),"Service") -> Service | K20: =IFERROR(__xludf.DUMMYFUNCTION("""COMPUTED_VALUE"""),"Healthcare") -> Healthcare | L20: =IFERROR(__xludf.DUMMYFUNCTION("""COMPUTED_VALUE"""),"Other Healthcare") -> Other Healthcare | N20: =IFERROR(__xludf.DUMMYFUNCTION("""COMPUTED_VALUE"""),"Event/Expo") -> Event/Expo | O20: =IFERROR(__xludf.DUMMYFUNCTION("""COMPUTED_VALUE"""),"Aastha") -> Aastha | P20: =IFERROR(__xludf.DUMMYFUNCTION("""COMPUTED_VALUE"""),"Cold") -> Cold | Q20: =IFERROR(__xludf.DUMMYFUNCTION("""COMPUTED_VALUE"""),"New") -> New | R20: =IFERROR(__xludf.DUMMYFUNCTION("""COMPUTED_VALUE"""),"Not Started") -> Not Started | U20: =IFERROR(__xludf.DUMMYFUNCTION("""COMPUTED_VALUE"""),"Not Scheduled") -> Not Scheduled | AA20: =IFERROR(__xludf.DUMMYFUNCTION("""COMPUTED_VALUE"""),0.0) -> 0
A21: =IFERROR(__xludf.DUMMYFUNCTION("""COMPUTED_VALUE"""),64.0) -> 64 | B21: =IFERROR(__xludf.DUMMYFUNCTION("""COMPUTED_VALUE"""),46267.0) -> 46267 | C21: =IFERROR(__xludf.DUMMYFUNCTION("""COMPUTED_VALUE"""),"airX") -> airX | D21: =IFERROR(__xludf.DUMMYFUNCTION("""COMPUTED_VALUE"""),"Urvish Mandaliya (Marketing Associate)") -> Urvish Mandaliya (Marketing Associate) | E21: =IFERROR(__xludf.DUMMYFUNCTION("""COMPUTED_VALUE"""),"777916898") -> 777916898 | F21: =IFERROR(__xludf.DUMMYFUNCTION("""COMPUTED_VALUE"""),"urvish@airxwellness.com") -> urvish@airxwellness.com | H21: =IFERROR(__xludf.DUMMYFUNCTION("""COMPUTED_VALUE"""),"India") -> India | I21: =IFERROR(__xludf.DUMMYFUNCTION("""COMPUTED_VALUE"""),"India") -> India | J21: =IFERROR(__xludf.DUMMYFUNCTION("""COMPUTED_VALUE"""),"Service") -> Service | K21: =IFERROR(__xludf.DUMMYFUNCTION("""COMPUTED_VALUE"""),"Healthcare") -> Healthcare | L21: =IFERROR(__xludf.DUMMYFUNCTION("""COMPUTED_VALUE"""),"Other Healthcare") -> Other Healthcare | N21: =IFERROR(__xludf.DUMMYFUNCTION("""COMPUTED_VALUE"""),"Event/Expo") -> Event/Expo | O21: =IFERROR(__xludf.DUMMYFUNCTION("""COMPUTED_VALUE"""),"Aastha") -> Aastha | P21: =IFERROR(__xludf.DUMMYFUNCTION("""COMPUTED_VALUE"""),"Cold") -> Cold | Q21: =IFERROR(__xludf.DUMMYFUNCTION("""COMPUTED_VALUE"""),"New") -> New | R21: =IFERROR(__xludf.DUMMYFUNCTION("""COMPUTED_VALUE"""),"Not Started") -> Not Started | U21: =IFERROR(__xludf.DUMMYFUNCTION("""COMPUTED_VALUE"""),"Not Scheduled") -> Not Scheduled | AA21: =IFERROR(__xludf.DUMMYFUNCTION("""COMPUTED_VALUE"""),0.0) -> 0
A22: =IFERROR(__xludf.DUMMYFUNCTION("""COMPUTED_VALUE"""),93.0) -> 93 | B22: =IFERROR(__xludf.DUMMYFUNCTION("""COMPUTED_VALUE"""),46267.0) -> 46267 | C22: =IFERROR(__xludf.DUMMYFUNCTION("""COMPUTED_VALUE"""),"ASOJ SOFT CAPS PVT. LTD.") -> ASOJ SOFT CAPS PVT. LTD. | D22: =IFERROR(__xludf.DUMMYFUNCTION("""COMPUTED_VALUE"""),"Parul Patel (Jr. Manager - Purchase)") -> Parul Patel (Jr. Manager - Purchase) | E22: =IFERROR(__xludf.DUMMYFUNCTION("""COMPUTED_VALUE"""),"89808 08776; 8980083898") -> 89808 08776; 8980083898 | F22: =IFERROR(__xludf.DUMMYFUNCTION("""COMPUTED_VALUE"""),"purchase@asojsoftcaps.com") -> purchase@asojsoftcaps.com | G22: =IFERROR(__xludf.DUMMYFUNCTION("""COMPUTED_VALUE"""),"Baroda") -> Baroda | H22: =IFERROR(__xludf.DUMMYFUNCTION("""COMPUTED_VALUE"""),"India") -> India | I22: =IFERROR(__xludf.DUMMYFUNCTION("""COMPUTED_VALUE"""),"India") -> India | J22: =IFERROR(__xludf.DUMMYFUNCTION("""COMPUTED_VALUE"""),"Service") -> Service | K22: =IFERROR(__xludf.DUMMYFUNCTION("""COMPUTED_VALUE"""),"Healthcare") -> Healthcare | L22: =IFERROR(__xludf.DUMMYFUNCTION("""COMPUTED_VALUE"""),"Other Healthcare") -> Other Healthcare | N22: =IFERROR(__xludf.DUMMYFUNCTION("""COMPUTED_VALUE"""),"Event/Expo") -> Event/Expo | O22: =IFERROR(__xludf.DUMMYFUNCTION("""COMPUTED_VALUE"""),"Aastha") -> Aastha | P22: =IFERROR(__xludf.DUMMYFUNCTION("""COMPUTED_VALUE"""),"Cold") -> Cold | Q22: =IFERROR(__xludf.DUMMYFUNCTION("""COMPUTED_VALUE"""),"New") -> New | R22: =IFERROR(__xludf.DUMMYFUNCTION("""COMPUTED_VALUE"""),"Not Started") -> Not Started | U22: =IFERROR(__xludf.DUMMYFUNCTION("""COMPUTED_VALUE"""),"Not Scheduled") -> Not Scheduled | AA22: =IFERROR(__xludf.DUMMYFUNCTION("""COMPUTED_VALUE"""),0.0) -> 0

Sheet Manufacturing
A1: Manufacturing Leads
A2: Read-only view from Master Leads. Add and update records in Master Leads so all reporting stays synchronized.
A5: Lead ID | B5: Date Added | C5: Company / Person | D5: Contact Person | E5: Phone / WhatsApp | F5: Email | G5: City | H5: Country | I5: Market | J5: Business Side | K5: Department / Product | L5: Category | M5: Requirement / Interested In | N5: Lead Source | O5: Assigned To | P5: Priority | Q5: Sales Stage | R5: Follow-Up Round | S5: Last Contact Date | T5: Next Follow-Up Date | U5: Follow-Up Status | V5: Next Action | W5: Meeting / Demo Date | X5: Proposal Date | Y5: Deal Value (INR) | Z5: Probability | AA5: Weighted Pipeline | AB5: Conversion / Close Date | AC5: Lost / Closed Reason | AD5: Notes
A6: =IFERROR(__xludf.DUMMYFUNCTION("IFERROR(FILTER('Master Leads'!$A$6:$AD$495, 'Master Leads'!$A$6:$A$495<>"""", 'Master Leads'!$K$6:$K$495=""Manufacturing""), ""No matching leads yet"")"),2.0) -> 2 | B6: =IFERROR(__xludf.DUMMYFUNCTION("""COMPUTED_VALUE"""),46264.0) -> 46264 | C6: =IFERROR(__xludf.DUMMYFUNCTION("""COMPUTED_VALUE"""),"Rototech") -> Rototech | D6: =IFERROR(__xludf.DUMMYFUNCTION("""COMPUTED_VALUE"""),"Jignesh Patel") -> Jignesh Patel | E6: =IFERROR(__xludf.DUMMYFUNCTION("""COMPUTED_VALUE"""),"9998447948") -> 9998447948 | F6: =IFERROR(__xludf.DUMMYFUNCTION("""COMPUTED_VALUE"""),"patel.jignesh1985@gmail.com") -> patel.jignesh1985@gmail.com | G6: =IFERROR(__xludf.DUMMYFUNCTION("""COMPUTED_VALUE"""),"Ahmedabad") -> Ahmedabad | H6: =IFERROR(__xludf.DUMMYFUNCTION("""COMPUTED_VALUE"""),"India") -> India | I6: =IFERROR(__xludf.DUMMYFUNCTION("""COMPUTED_VALUE"""),"India") -> India | J6: =IFERROR(__xludf.DUMMYFUNCTION("""COMPUTED_VALUE"""),"Service") -> Service | K6: =IFERROR(__xludf.DUMMYFUNCTION("""COMPUTED_VALUE"""),"Manufacturing") -> Manufacturing | L6: =IFERROR(__xludf.DUMMYFUNCTION("""COMPUTED_VALUE"""),"Manufacturing") -> Manufacturing | N6: =IFERROR(__xludf.DUMMYFUNCTION("""COMPUTED_VALUE"""),"Existing Client") -> Existing Client | O6: =IFERROR(__xludf.DUMMYFUNCTION("""COMPUTED_VALUE"""),"Aastha") -> Aastha | P6: =IFERROR(__xludf.DUMMYFUNCTION("""COMPUTED_VALUE"""),"Hot") -> Hot | Q6: =IFERROR(__xludf.DUMMYFUNCTION("""COMPUTED_VALUE"""),"Converted") -> Converted | R6: =IFERROR(__xludf.DUMMYFUNCTION("""COMPUTED_VALUE"""),"Follow-Up Complete") -> Follow-Up Complete | S6: =IFERROR(__xludf.DUMMYFUNCTION("""COMPUTED_VALUE"""),46259.0) -> 46259 | U6: =IFERROR(__xludf.DUMMYFUNCTION("""COMPUTED_VALUE"""),"Completed") -> Completed | AA6: =IFERROR(__xludf.DUMMYFUNCTION("""COMPUTED_VALUE"""),0.0) -> 0
A7: =IFERROR(__xludf.DUMMYFUNCTION("""COMPUTED_VALUE"""),5.0) -> 5 | B7: =IFERROR(__xludf.DUMMYFUNCTION("""COMPUTED_VALUE"""),46264.0) -> 46264 | C7: =IFERROR(__xludf.DUMMYFUNCTION("""COMPUTED_VALUE"""),"Acme Industries") -> Acme Industries | D7: =IFERROR(__xludf.DUMMYFUNCTION("""COMPUTED_VALUE"""),"Ketan Shah") -> Ketan Shah | E7: =IFERROR(__xludf.DUMMYFUNCTION("""COMPUTED_VALUE"""),"9825060677") -> 9825060677 | G7: =IFERROR(__xludf.DUMMYFUNCTION("""COMPUTED_VALUE"""),"Ahmedabad") -> Ahmedabad | H7: =IFERROR(__xludf.DUMMYFUNCTION("""COMPUTED_VALUE"""),"India") -> India | I7: =IFERROR(__xludf.DUMMYFUNCTION("""COMPUTED_VALUE"""),"India") -> India | J7: =IFERROR(__xludf.DUMMYFUNCTION("""COMPUTED_VALUE"""),"Service") -> Service | K7: =IFERROR(__xludf.DUMMYFUNCTION("""COMPUTED_VALUE"""),"Manufacturing") -> Manufacturing | L7: =IFERROR(__xludf.DUMMYFUNCTION("""COMPUTED_VALUE"""),"Manufacturing") -> Manufacturing | N7: =IFERROR(__xludf.DUMMYFUNCTION("""COMPUTED_VALUE"""),"Cold Outreach") -> Cold Outreach | O7: =IFERROR(__xludf.DUMMYFUNCTION("""COMPUTED_VALUE"""),"Aastha") -> Aastha | P7: =IFERROR(__xludf.DUMMYFUNCTION("""COMPUTED_VALUE"""),"Cold") -> Cold | Q7: =IFERROR(__xludf.DUMMYFUNCTION("""COMPUTED_VALUE"""),"Lost") -> Lost | R7: =IFERROR(__xludf.DUMMYFUNCTION("""COMPUTED_VALUE"""),"Follow-Up Complete") -> Follow-Up Complete | U7: =IFERROR(__xludf.DUMMYFUNCTION("""COMPUTED_VALUE"""),"Completed") -> Completed | AA7: =IFERROR(__xludf.DUMMYFUNCTION("""COMPUTED_VALUE"""),0.0) -> 0
A8: =IFERROR(__xludf.DUMMYFUNCTION("""COMPUTED_VALUE"""),26.0) -> 26 | B8: =IFERROR(__xludf.DUMMYFUNCTION("""COMPUTED_VALUE"""),46264.0) -> 46264 | C8: =IFERROR(__xludf.DUMMYFUNCTION("""COMPUTED_VALUE"""),"Shamura Polytech PVT. Ltd") -> Shamura Polytech PVT. Ltd | D8: =IFERROR(__xludf.DUMMYFUNCTION("""COMPUTED_VALUE"""),"Rajesh Rami (Marketing Manager)") -> Rajesh Rami (Marketing Manager) | E8: =IFERROR(__xludf.DUMMYFUNCTION("""COMPUTED_VALUE"""),"9913864345; 902325424") -> 9913864345; 902325424 | F8: =IFERROR(__xludf.DUMMYFUNCTION("""COMPUTED_VALUE"""),"shamurapolytechpvt.ltd@gmail.com") -> shamurapolytechpvt.ltd@gmail.com | G8: =IFERROR(__xludf.DUMMYFUNCTION("""COMPUTED_VALUE"""),"Vijapur") -> Vijapur | H8: =IFERROR(__xludf.DUMMYFUNCTION("""COMPUTED_VALUE"""),"India") -> India | I8: =IFERROR(__xludf.DUMMYFUNCTION("""COMPUTED_VALUE"""),"India") -> India | J8: =IFERROR(__xludf.DUMMYFUNCTION("""COMPUTED_VALUE"""),"Service") -> Service | K8: =IFERROR(__xludf.DUMMYFUNCTION("""COMPUTED_VALUE"""),"Manufacturing") -> Manufacturing | L8: =IFERROR(__xludf.DUMMYFUNCTION("""COMPUTED_VALUE"""),"Manufacturing") -> Manufacturing | N8: =IFERROR(__xludf.DUMMYFUNCTION("""COMPUTED_VALUE"""),"Event/Expo") -> Event/Expo | O8: =IFERROR(__xludf.DUMMYFUNCTION("""COMPUTED_VALUE"""),"Aastha") -> Aastha | P8: =IFERROR(__xludf.DUMMYFUNCTION("""COMPUTED_VALUE"""),"Cold") -> Cold | Q8: =IFERROR(__xludf.DUMMYFUNCTION("""COMPUTED_VALUE"""),"New") -> New | R8: =IFERROR(__xludf.DUMMYFUNCTION("""COMPUTED_VALUE"""),"Not Started") -> Not Started | U8: =IFERROR(__xludf.DUMMYFUNCTION("""COMPUTED_VALUE"""),"Not Scheduled") -> Not Scheduled | AA8: =IFERROR(__xludf.DUMMYFUNCTION("""COMPUTED_VALUE"""),0.0) -> 0
A9: =IFERROR(__xludf.DUMMYFUNCTION("""COMPUTED_VALUE"""),34.0) -> 34 | B9: =IFERROR(__xludf.DUMMYFUNCTION("""COMPUTED_VALUE"""),46264.0) -> 46264 | C9: =IFERROR(__xludf.DUMMYFUNCTION("""COMPUTED_VALUE"""),"SINGH ENTERPRISES") -> SINGH ENTERPRISES | D9: =IFERROR(__xludf.DUMMYFUNCTION("""COMPUTED_VALUE"""),"Ekyot Singh") -> Ekyot Singh | E9: =IFERROR(__xludf.DUMMYFUNCTION("""COMPUTED_VALUE"""),"9619134047; 9820070228") -> 9619134047; 9820070228 | F9: =IFERROR(__xludf.DUMMYFUNCTION("""COMPUTED_VALUE"""),"singh_enterprises7@yahoo.com; info@singh-enterprises.com") -> singh_enterprises7@yahoo.com; info@singh-enterprises.com | G9: =IFERROR(__xludf.DUMMYFUNCTION("""COMPUTED_VALUE"""),"Mumbai") -> Mumbai | H9: =IFERROR(__xludf.DUMMYFUNCTION("""COMPUTED_VALUE"""),"India") -> India | I9: =IFERROR(__xludf.DUMMYFUNCTION("""COMPUTED_VALUE"""),"India") -> India | J9: =IFERROR(__xludf.DUMMYFUNCTION("""COMPUTED_VALUE"""),"Service") -> Service | K9: =IFERROR(__xludf.DUMMYFUNCTION("""COMPUTED_VALUE"""),"Manufacturing") -> Manufacturing | L9: =IFERROR(__xludf.DUMMYFUNCTION("""COMPUTED_VALUE"""),"Manufacturing") -> Manufacturing | N9: =IFERROR(__xludf.DUMMYFUNCTION("""COMPUTED_VALUE"""),"Event/Expo") -> Event/Expo | O9: =IFERROR(__xludf.DUMMYFUNCTION("""COMPUTED_VALUE"""),"Aastha") -> Aastha | P9: =IFERROR(__xludf.DUMMYFUNCTION("""COMPUTED_VALUE"""),"Cold") -> Cold | Q9: =IFERROR(__xludf.DUMMYFUNCTION("""COMPUTED_VALUE"""),"New") -> New | R9: =IFERROR(__xludf.DUMMYFUNCTION("""COMPUTED_VALUE"""),"Not Started") -> Not Started | U9: =IFERROR(__xludf.DUMMYFUNCTION("""COMPUTED_VALUE"""),"Not Scheduled") -> Not Scheduled | AA9: =IFERROR(__xludf.DUMMYFUNCTION("""COMPUTED_VALUE"""),0.0) -> 0
A10: =IFERROR(__xludf.DUMMYFUNCTION("""COMPUTED_VALUE"""),38.0) -> 38 | B10: =IFERROR(__xludf.DUMMYFUNCTION("""COMPUTED_VALUE"""),46264.0) -> 46264 | C10: =IFERROR(__xludf.DUMMYFUNCTION("""COMPUTED_VALUE"""),"Sachdev Scientific Equipments / Blancoz") -> Sachdev Scientific Equipments / Blancoz | D10: =IFERROR(__xludf.DUMMYFUNCTION("""COMPUTED_VALUE"""),"Aditya Sachdev (Director)") -> Aditya Sachdev (Director) | E10: =IFERROR(__xludf.DUMMYFUNCTION("""COMPUTED_VALUE"""),"90330 07000; 7721-290133") -> 90330 07000; 7721-290133 | F10: =IFERROR(__xludf.DUMMYFUNCTION("""COMPUTED_VALUE"""),"info@blancoz.in; sachdevaditya@hotmail.com") -> info@blancoz.in; sachdevaditya@hotmail.com | G10: =IFERROR(__xludf.DUMMYFUNCTION("""COMPUTED_VALUE"""),"Raipur") -> Raipur | H10: =IFERROR(__xludf.DUMMYFUNCTION("""COMPUTED_VALUE"""),"India") -> India | I10: =IFERROR(__xludf.DUMMYFUNCTION("""COMPUTED_VALUE"""),"India") -> India | J10: =IFERROR(__xludf.DUMMYFUNCTION("""COMPUTED_VALUE"""),"Service") -> Service | K10: =IFERROR(__xludf.DUMMYFUNCTION("""COMPUTED_VALUE"""),"Manufacturing") -> Manufacturing | L10: =IFERROR(__xludf.DUMMYFUNCTION("""COMPUTED_VALUE"""),"Manufacturing") -> Manufacturing | N10: =IFERROR(__xludf.DUMMYFUNCTION("""COMPUTED_VALUE"""),"Event/Expo") -> Event/Expo | O10: =IFERROR(__xludf.DUMMYFUNCTION("""COMPUTED_VALUE"""),"Aastha") -> Aastha | P10: =IFERROR(__xludf.DUMMYFUNCTION("""COMPUTED_VALUE"""),"Cold") -> Cold | Q10: =IFERROR(__xludf.DUMMYFUNCTION("""COMPUTED_VALUE"""),"New") -> New | R10: =IFERROR(__xludf.DUMMYFUNCTION("""COMPUTED_VALUE"""),"Not Started") -> Not Started | U10: =IFERROR(__xludf.DUMMYFUNCTION("""COMPUTED_VALUE"""),"Not Scheduled") -> Not Scheduled | AA10: =IFERROR(__xludf.DUMMYFUNCTION("""COMPUTED_VALUE"""),0.0) -> 0
A11: =IFERROR(__xludf.DUMMYFUNCTION("""COMPUTED_VALUE"""),39.0) -> 39 | B11: =IFERROR(__xludf.DUMMYFUNCTION("""COMPUTED_VALUE"""),46264.0) -> 46264 | C11: =IFERROR(__xludf.DUMMYFUNCTION("""COMPUTED_VALUE"""),"Kalpana Lights / Seridone") -> Kalpana Lights / Seridone | D11: =IFERROR(__xludf.DUMMYFUNCTION("""COMPUTED_VALUE"""),"Vijaysingh Rajput / Arjunsingh Rajput") -> Vijaysingh Rajput / Arjunsingh Rajput | E11: =IFERROR(__xludf.DUMMYFUNCTION("""COMPUTED_VALUE"""),"9773479961; 9930479535; 079 22155334") -> 9773479961; 9930479535; 079 22155334 | G11: =IFERROR(__xludf.DUMMYFUNCTION("""COMPUTED_VALUE"""),"Ahmedabad") -> Ahmedabad | H11: =IFERROR(__xludf.DUMMYFUNCTION("""COMPUTED_VALUE"""),"India") -> India | I11: =IFERROR(__xludf.DUMMYFUNCTION("""COMPUTED_VALUE"""),"India") -> India | J11: =IFERROR(__xludf.DUMMYFUNCTION("""COMPUTED_VALUE"""),"Service") -> Service | K11: =IFERROR(__xludf.DUMMYFUNCTION("""COMPUTED_VALUE"""),"Manufacturing") -> Manufacturing | L11: =IFERROR(__xludf.DUMMYFUNCTION("""COMPUTED_VALUE"""),"Manufacturing") -> Manufacturing | N11: =IFERROR(__xludf.DUMMYFUNCTION("""COMPUTED_VALUE"""),"Event/Expo") -> Event/Expo | O11: =IFERROR(__xludf.DUMMYFUNCTION("""COMPUTED_VALUE"""),"Aastha") -> Aastha | P11: =IFERROR(__xludf.DUMMYFUNCTION("""COMPUTED_VALUE"""),"Cold") -> Cold | Q11: =IFERROR(__xludf.DUMMYFUNCTION("""COMPUTED_VALUE"""),"New") -> New | R11: =IFERROR(__xludf.DUMMYFUNCTION("""COMPUTED_VALUE"""),"Not Started") -> Not Started | U11: =IFERROR(__xludf.DUMMYFUNCTION("""COMPUTED_VALUE"""),"Not Scheduled") -> Not Scheduled | AA11: =IFERROR(__xludf.DUMMYFUNCTION("""COMPUTED_VALUE"""),0.0) -> 0
A12: =IFERROR(__xludf.DUMMYFUNCTION("""COMPUTED_VALUE"""),44.0) -> 44 | B12: =IFERROR(__xludf.DUMMYFUNCTION("""COMPUTED_VALUE"""),46264.0) -> 46264 | C12: =IFERROR(__xludf.DUMMYFUNCTION("""COMPUTED_VALUE"""),"Glotex Solutions Pvt. Ltd.") -> Glotex Solutions Pvt. Ltd. | D12: =IFERROR(__xludf.DUMMYFUNCTION("""COMPUTED_VALUE"""),"Zahid Rais (Sr. Manager-Sales)") -> Zahid Rais (Sr. Manager-Sales) | E12: =IFERROR(__xludf.DUMMYFUNCTION("""COMPUTED_VALUE"""),"9212302986") -> 9212302986 | F12: =IFERROR(__xludf.DUMMYFUNCTION("""COMPUTED_VALUE"""),"sales3@glotexinc.com") -> sales3@glotexinc.com | G12: =IFERROR(__xludf.DUMMYFUNCTION("""COMPUTED_VALUE"""),"Vadodara") -> Vadodara | H12: =IFERROR(__xludf.DUMMYFUNCTION("""COMPUTED_VALUE"""),"India") -> India | I12: =IFERROR(__xludf.DUMMYFUNCTION("""COMPUTED_VALUE"""),"India") -> India | J12: =IFERROR(__xludf.DUMMYFUNCTION("""COMPUTED_VALUE"""),"Service") -> Service | K12: =IFERROR(__xludf.DUMMYFUNCTION("""COMPUTED_VALUE"""),"Manufacturing") -> Manufacturing | L12: =IFERROR(__xludf.DUMMYFUNCTION("""COMPUTED_VALUE"""),"Manufacturing") -> Manufacturing | N12: =IFERROR(__xludf.DUMMYFUNCTION("""COMPUTED_VALUE"""),"Event/Expo") -> Event/Expo | O12: =IFERROR(__xludf.DUMMYFUNCTION("""COMPUTED_VALUE"""),"Aastha") -> Aastha | P12: =IFERROR(__xludf.DUMMYFUNCTION("""COMPUTED_VALUE"""),"Cold") -> Cold | Q12: =IFERROR(__xludf.DUMMYFUNCTION("""COMPUTED_VALUE"""),"New") -> New | R12: =IFERROR(__xludf.DUMMYFUNCTION("""COMPUTED_VALUE"""),"Not Started") -> Not Started | U12: =IFERROR(__xludf.DUMMYFUNCTION("""COMPUTED_VALUE"""),"Not Scheduled") -> Not Scheduled | AA12: =IFERROR(__xludf.DUMMYFUNCTION("""COMPUTED_VALUE"""),0.0) -> 0
A13: =IFERROR(__xludf.DUMMYFUNCTION("""COMPUTED_VALUE"""),48.0) -> 48 | B13: =IFERROR(__xludf.DUMMYFUNCTION("""COMPUTED_VALUE"""),46264.0) -> 46264 | C13: =IFERROR(__xludf.DUMMYFUNCTION("""COMPUTED_VALUE"""),"Madhav Plastomech Pvt. Ltd.") -> Madhav Plastomech Pvt. Ltd. | D13: =IFERROR(__xludf.DUMMYFUNCTION("""COMPUTED_VALUE"""),"Perish Nasit (Sales Executive)") -> Perish Nasit (Sales Executive) | E13: =IFERROR(__xludf.DUMMYFUNCTION("""COMPUTED_VALUE"""),"9879252126") -> 9879252126 | F13: =IFERROR(__xludf.DUMMYFUNCTION("""COMPUTED_VALUE"""),"sales@madhavplastomech.com") -> sales@madhavplastomech.com | G13: =IFERROR(__xludf.DUMMYFUNCTION("""COMPUTED_VALUE"""),"Ahmedabad") -> Ahmedabad | H13: =IFERROR(__xludf.DUMMYFUNCTION("""COMPUTED_VALUE"""),"India") -> India | I13: =IFERROR(__xludf.DUMMYFUNCTION("""COMPUTED_VALUE"""),"India") -> India | J13: =IFERROR(__xludf.DUMMYFUNCTION("""COMPUTED_VALUE"""),"Service") -> Service | K13: =IFERROR(__xludf.DUMMYFUNCTION("""COMPUTED_VALUE"""),"Manufacturing") -> Manufacturing | L13: =IFERROR(__xludf.DUMMYFUNCTION("""COMPUTED_VALUE"""),"Manufacturing") -> Manufacturing | N13: =IFERROR(__xludf.DUMMYFUNCTION("""COMPUTED_VALUE"""),"Event/Expo") -> Event/Expo | O13: =IFERROR(__xludf.DUMMYFUNCTION("""COMPUTED_VALUE"""),"Aastha") -> Aastha | P13: =IFERROR(__xludf.DUMMYFUNCTION("""COMPUTED_VALUE"""),"Cold") -> Cold | Q13: =IFERROR(__xludf.DUMMYFUNCTION("""COMPUTED_VALUE"""),"New") -> New | R13: =IFERROR(__xludf.DUMMYFUNCTION("""COMPUTED_VALUE"""),"Not Started") -> Not Started | U13: =IFERROR(__xludf.DUMMYFUNCTION("""COMPUTED_VALUE"""),"Not Scheduled") -> Not Scheduled | AA13: =IFERROR(__xludf.DUMMYFUNCTION("""COMPUTED_VALUE"""),0.0) -> 0
A14: =IFERROR(__xludf.DUMMYFUNCTION("""COMPUTED_VALUE"""),52.0) -> 52 | B14: =IFERROR(__xludf.DUMMYFUNCTION("""COMPUTED_VALUE"""),46264.0) -> 46264 | C14: =IFERROR(__xludf.DUMMYFUNCTION("""COMPUTED_VALUE"""),"Ramdoot Packaging") -> Ramdoot Packaging | D14: =IFERROR(__xludf.DUMMYFUNCTION("""COMPUTED_VALUE"""),"Design Team") -> Design Team | E14: =IFERROR(__xludf.DUMMYFUNCTION("""COMPUTED_VALUE"""),"9601349884; 8238139002") -> 9601349884; 8238139002 | F14: =IFERROR(__xludf.DUMMYFUNCTION("""COMPUTED_VALUE"""),"ramdootpackaging@gmail.com") -> ramdootpackaging@gmail.com | G14: =IFERROR(__xludf.DUMMYFUNCTION("""COMPUTED_VALUE"""),"Kalol") -> Kalol | H14: =IFERROR(__xludf.DUMMYFUNCTION("""COMPUTED_VALUE"""),"India") -> India | I14: =IFERROR(__xludf.DUMMYFUNCTION("""COMPUTED_VALUE"""),"India") -> India | J14: =IFERROR(__xludf.DUMMYFUNCTION("""COMPUTED_VALUE"""),"Service") -> Service | K14: =IFERROR(__xludf.DUMMYFUNCTION("""COMPUTED_VALUE"""),"Manufacturing") -> Manufacturing | L14: =IFERROR(__xludf.DUMMYFUNCTION("""COMPUTED_VALUE"""),"Manufacturing") -> Manufacturing | N14: =IFERROR(__xludf.DUMMYFUNCTION("""COMPUTED_VALUE"""),"Event/Expo") -> Event/Expo | O14: =IFERROR(__xludf.DUMMYFUNCTION("""COMPUTED_VALUE"""),"Aastha") -> Aastha | P14: =IFERROR(__xludf.DUMMYFUNCTION("""COMPUTED_VALUE"""),"Cold") -> Cold | Q14: =IFERROR(__xludf.DUMMYFUNCTION("""COMPUTED_VALUE"""),"New") -> New | R14: =IFERROR(__xludf.DUMMYFUNCTION("""COMPUTED_VALUE"""),"Not Started") -> Not Started | U14: =IFERROR(__xludf.DUMMYFUNCTION("""COMPUTED_VALUE"""),"Not Scheduled") -> Not Scheduled | AA14: =IFERROR(__xludf.DUMMYFUNCTION("""COMPUTED_VALUE"""),0.0) -> 0
A15: =IFERROR(__xludf.DUMMYFUNCTION("""COMPUTED_VALUE"""),57.0) -> 57 | B15: =IFERROR(__xludf.DUMMYFUNCTION("""COMPUTED_VALUE"""),46267.0) -> 46267 | C15: =IFERROR(__xludf.DUMMYFUNCTION("""COMPUTED_VALUE"""),"iSiemens Industries Private Limited") -> iSiemens Industries Private Limited | D15: =IFERROR(__xludf.DUMMYFUNCTION("""COMPUTED_VALUE"""),"Ritu Patel (Sales Executive)") -> Ritu Patel (Sales Executive) | E15: =IFERROR(__xludf.DUMMYFUNCTION("""COMPUTED_VALUE"""),"9898497526") -> 9898497526 | F15: =IFERROR(__xludf.DUMMYFUNCTION("""COMPUTED_VALUE"""),"salesisiemensahmedabad@gmail.com") -> salesisiemensahmedabad@gmail.com | G15: =IFERROR(__xludf.DUMMYFUNCTION("""COMPUTED_VALUE"""),"Ahmedabad") -> Ahmedabad | H15: =IFERROR(__xludf.DUMMYFUNCTION("""COMPUTED_VALUE"""),"India") -> India | I15: =IFERROR(__xludf.DUMMYFUNCTION("""COMPUTED_VALUE"""),"India") -> India | J15: =IFERROR(__xludf.DUMMYFUNCTION("""COMPUTED_VALUE"""),"Service") -> Service | K15: =IFERROR(__xludf.DUMMYFUNCTION("""COMPUTED_VALUE"""),"Manufacturing") -> Manufacturing | L15: =IFERROR(__xludf.DUMMYFUNCTION("""COMPUTED_VALUE"""),"Manufacturing") -> Manufacturing | N15: =IFERROR(__xludf.DUMMYFUNCTION("""COMPUTED_VALUE"""),"Event/Expo") -> Event/Expo | O15: =IFERROR(__xludf.DUMMYFUNCTION("""COMPUTED_VALUE"""),"Aastha") -> Aastha | P15: =IFERROR(__xludf.DUMMYFUNCTION("""COMPUTED_VALUE"""),"Cold") -> Cold | Q15: =IFERROR(__xludf.DUMMYFUNCTION("""COMPUTED_VALUE"""),"New") -> New | R15: =IFERROR(__xludf.DUMMYFUNCTION("""COMPUTED_VALUE"""),"Not Started") -> Not Started | U15: =IFERROR(__xludf.DUMMYFUNCTION("""COMPUTED_VALUE"""),"Not Scheduled") -> Not Scheduled | AA15: =IFERROR(__xludf.DUMMYFUNCTION("""COMPUTED_VALUE"""),0.0) -> 0
A16: =IFERROR(__xludf.DUMMYFUNCTION("""COMPUTED_VALUE"""),58.0) -> 58 | B16: =IFERROR(__xludf.DUMMYFUNCTION("""COMPUTED_VALUE"""),46267.0) -> 46267 | C16: =IFERROR(__xludf.DUMMYFUNCTION("""COMPUTED_VALUE"""),"The Food's Life (TFL) / United Nutritions") -> The Food's Life (TFL) / United Nutritions | D16: =IFERROR(__xludf.DUMMYFUNCTION("""COMPUTED_VALUE"""),"Mr. Vishal Prajapati (BDE)") -> Mr. Vishal Prajapati (BDE) | E16: =IFERROR(__xludf.DUMMYFUNCTION("""COMPUTED_VALUE"""),"6352807509") -> 6352807509 | F16: =IFERROR(__xludf.DUMMYFUNCTION("""COMPUTED_VALUE"""),"info.thefoodslife@gmail.com") -> info.thefoodslife@gmail.com | G16: =IFERROR(__xludf.DUMMYFUNCTION("""COMPUTED_VALUE"""),"Vadodara") -> Vadodara | H16: =IFERROR(__xludf.DUMMYFUNCTION("""COMPUTED_VALUE"""),"India") -> India | I16: =IFERROR(__xludf.DUMMYFUNCTION("""COMPUTED_VALUE"""),"India") -> India | J16: =IFERROR(__xludf.DUMMYFUNCTION("""COMPUTED_VALUE"""),"Service") -> Service | K16: =IFERROR(__xludf.DUMMYFUNCTION("""COMPUTED_VALUE"""),"Manufacturing") -> Manufacturing | L16: =IFERROR(__xludf.DUMMYFUNCTION("""COMPUTED_VALUE"""),"Manufacturing") -> Manufacturing | N16: =IFERROR(__xludf.DUMMYFUNCTION("""COMPUTED_VALUE"""),"Event/Expo") -> Event/Expo | O16: =IFERROR(__xludf.DUMMYFUNCTION("""COMPUTED_VALUE"""),"Aastha") -> Aastha | P16: =IFERROR(__xludf.DUMMYFUNCTION("""COMPUTED_VALUE"""),"Cold") -> Cold | Q16: =IFERROR(__xludf.DUMMYFUNCTION("""COMPUTED_VALUE"""),"New") -> New | R16: =IFERROR(__xludf.DUMMYFUNCTION("""COMPUTED_VALUE"""),"Not Started") -> Not Started | U16: =IFERROR(__xludf.DUMMYFUNCTION("""COMPUTED_VALUE"""),"Not Scheduled") -> Not Scheduled | AA16: =IFERROR(__xludf.DUMMYFUNCTION("""COMPUTED_VALUE"""),0.0) -> 0
A17: =IFERROR(__xludf.DUMMYFUNCTION("""COMPUTED_VALUE"""),61.0) -> 61 | B17: =IFERROR(__xludf.DUMMYFUNCTION("""COMPUTED_VALUE"""),46267.0) -> 46267 | C17: =IFERROR(__xludf.DUMMYFUNCTION("""COMPUTED_VALUE"""),"JP Enterprise") -> JP Enterprise | D17: =IFERROR(__xludf.DUMMYFUNCTION("""COMPUTED_VALUE"""),"Jatin Patel") -> Jatin Patel | E17: =IFERROR(__xludf.DUMMYFUNCTION("""COMPUTED_VALUE"""),"7600825011") -> 7600825011 | F17: =IFERROR(__xludf.DUMMYFUNCTION("""COMPUTED_VALUE"""),"jatinpatel3187@gmail.com") -> jatinpatel3187@gmail.com | G17: =IFERROR(__xludf.DUMMYFUNCTION("""COMPUTED_VALUE"""),"Ahmedabad / Chhatral") -> Ahmedabad / Chhatral | H17: =IFERROR(__xludf.DUMMYFUNCTION("""COMPUTED_VALUE"""),"India") -> India | I17: =IFERROR(__xludf.DUMMYFUNCTION("""COMPUTED_VALUE"""),"India") -> India | J17: =IFERROR(__xludf.DUMMYFUNCTION("""COMPUTED_VALUE"""),"Service") -> Service | K17: =IFERROR(__xludf.DUMMYFUNCTION("""COMPUTED_VALUE"""),"Manufacturing") -> Manufacturing | L17: =IFERROR(__xludf.DUMMYFUNCTION("""COMPUTED_VALUE"""),"Manufacturing") -> Manufacturing | N17: =IFERROR(__xludf.DUMMYFUNCTION("""COMPUTED_VALUE"""),"Event/Expo") -> Event/Expo | O17: =IFERROR(__xludf.DUMMYFUNCTION("""COMPUTED_VALUE"""),"Aastha") -> Aastha | P17: =IFERROR(__xludf.DUMMYFUNCTION("""COMPUTED_VALUE"""),"Cold") -> Cold | Q17: =IFERROR(__xludf.DUMMYFUNCTION("""COMPUTED_VALUE"""),"New") -> New | R17: =IFERROR(__xludf.DUMMYFUNCTION("""COMPUTED_VALUE"""),"Not Started") -> Not Started | U17: =IFERROR(__xludf.DUMMYFUNCTION("""COMPUTED_VALUE"""),"Not Scheduled") -> Not Scheduled | AA17: =IFERROR(__xludf.DUMMYFUNCTION("""COMPUTED_VALUE"""),0.0) -> 0
A18: =IFERROR(__xludf.DUMMYFUNCTION("""COMPUTED_VALUE"""),62.0) -> 62 | B18: =IFERROR(__xludf.DUMMYFUNCTION("""COMPUTED_VALUE"""),46267.0) -> 46267 | C18: =IFERROR(__xludf.DUMMYFUNCTION("""COMPUTED_VALUE"""),"Newtech Engineers") -> Newtech Engineers | D18: =IFERROR(__xludf.DUMMYFUNCTION("""COMPUTED_VALUE"""),"Siddharth Panchal / Narambhai Panchal") -> Siddharth Panchal / Narambhai Panchal | E18: =IFERROR(__xludf.DUMMYFUNCTION("""COMPUTED_VALUE"""),"8740814449; 9998678321; 9988217647") -> 8740814449; 9998678321; 9988217647 | F18: =IFERROR(__xludf.DUMMYFUNCTION("""COMPUTED_VALUE"""),"sales@newtechfurniture.com") -> sales@newtechfurniture.com | G18: =IFERROR(__xludf.DUMMYFUNCTION("""COMPUTED_VALUE"""),"Vadodara") -> Vadodara | H18: =IFERROR(__xludf.DUMMYFUNCTION("""COMPUTED_VALUE"""),"India") -> India | I18: =IFERROR(__xludf.DUMMYFUNCTION("""COMPUTED_VALUE"""),"India") -> India | J18: =IFERROR(__xludf.DUMMYFUNCTION("""COMPUTED_VALUE"""),"Service") -> Service | K18: =IFERROR(__xludf.DUMMYFUNCTION("""COMPUTED_VALUE"""),"Manufacturing") -> Manufacturing | L18: =IFERROR(__xludf.DUMMYFUNCTION("""COMPUTED_VALUE"""),"Manufacturing") -> Manufacturing | N18: =IFERROR(__xludf.DUMMYFUNCTION("""COMPUTED_VALUE"""),"Event/Expo") -> Event/Expo | O18: =IFERROR(__xludf.DUMMYFUNCTION("""COMPUTED_VALUE"""),"Aastha") -> Aastha | P18: =IFERROR(__xludf.DUMMYFUNCTION("""COMPUTED_VALUE"""),"Cold") -> Cold | Q18: =IFERROR(__xludf.DUMMYFUNCTION("""COMPUTED_VALUE"""),"New") -> New | R18: =IFERROR(__xludf.DUMMYFUNCTION("""COMPUTED_VALUE"""),"Not Started") -> Not Started | U18: =IFERROR(__xludf.DUMMYFUNCTION("""COMPUTED_VALUE"""),"Not Scheduled") -> Not Scheduled | AA18: =IFERROR(__xludf.DUMMYFUNCTION("""COMPUTED_VALUE"""),0.0) -> 0
A19: =IFERROR(__xludf.DUMMYFUNCTION("""COMPUTED_VALUE"""),65.0) -> 65 | B19: =IFERROR(__xludf.DUMMYFUNCTION("""COMPUTED_VALUE"""),46267.0) -> 46267 | C19: =IFERROR(__xludf.DUMMYFUNCTION("""COMPUTED_VALUE"""),"Fabi Iron Engineers Pvt. Ltd.") -> Fabi Iron Engineers Pvt. Ltd. | D19: =IFERROR(__xludf.DUMMYFUNCTION("""COMPUTED_VALUE"""),"Adarsh Dudhat (Director) / Vinubhai Dudhat (Director)") -> Adarsh Dudhat (Director) / Vinubhai Dudhat (Director) | E19: =IFERROR(__xludf.DUMMYFUNCTION("""COMPUTED_VALUE"""),"9712122320; 825049949") -> 9712122320; 825049949 | F19: =IFERROR(__xludf.DUMMYFUNCTION("""COMPUTED_VALUE"""),"fabiron@yahoo.com") -> fabiron@yahoo.com | G19: =IFERROR(__xludf.DUMMYFUNCTION("""COMPUTED_VALUE"""),"Ahmedabad") -> Ahmedabad | H19: =IFERROR(__xludf.DUMMYFUNCTION("""COMPUTED_VALUE"""),"India") -> India | I19: =IFERROR(__xludf.DUMMYFUNCTION("""COMPUTED_VALUE"""),"India") -> India | J19: =IFERROR(__xludf.DUMMYFUNCTION("""COMPUTED_VALUE"""),"Service") -> Service | K19: =IFERROR(__xludf.DUMMYFUNCTION("""COMPUTED_VALUE"""),"Manufacturing") -> Manufacturing | L19: =IFERROR(__xludf.DUMMYFUNCTION("""COMPUTED_VALUE"""),"Manufacturing") -> Manufacturing | N19: =IFERROR(__xludf.DUMMYFUNCTION("""COMPUTED_VALUE"""),"Event/Expo") -> Event/Expo | O19: =IFERROR(__xludf.DUMMYFUNCTION("""COMPUTED_VALUE"""),"Aastha") -> Aastha | P19: =IFERROR(__xludf.DUMMYFUNCTION("""COMPUTED_VALUE"""),"Cold") -> Cold | Q19: =IFERROR(__xludf.DUMMYFUNCTION("""COMPUTED_VALUE"""),"New") -> New | R19: =IFERROR(__xludf.DUMMYFUNCTION("""COMPUTED_VALUE"""),"Not Started") -> Not Started | U19: =IFERROR(__xludf.DUMMYFUNCTION("""COMPUTED_VALUE"""),"Not Scheduled") -> Not Scheduled | AA19: =IFERROR(__xludf.DUMMYFUNCTION("""COMPUTED_VALUE"""),0.0) -> 0
A20: =IFERROR(__xludf.DUMMYFUNCTION("""COMPUTED_VALUE"""),66.0) -> 66 | B20: =IFERROR(__xludf.DUMMYFUNCTION("""COMPUTED_VALUE"""),46267.0) -> 46267 | C20: =IFERROR(__xludf.DUMMYFUNCTION("""COMPUTED_VALUE"""),"JP Perfumery Works Private Limited") -> JP Perfumery Works Private Limited | D20: =IFERROR(__xludf.DUMMYFUNCTION("""COMPUTED_VALUE"""),"Haresh K. Buddhdev / Hardik H. Buddhdev / Akash H. Buddhdev / Yash H. Buddhdev") -> Haresh K. Buddhdev / Hardik H. Buddhdev / Akash H. Buddhdev / Yash H. Buddhdev | E20: =IFERROR(__xludf.DUMMYFUNCTION("""COMPUTED_VALUE"""),"93759 27106; 9974402605; 9825746462; 9428242724") -> 93759 27106; 9974402605; 9825746462; 9428242724 | F20: =IFERROR(__xludf.DUMMYFUNCTION("""COMPUTED_VALUE"""),"info@jpperfumery.com") -> info@jpperfumery.com | G20: =IFERROR(__xludf.DUMMYFUNCTION("""COMPUTED_VALUE"""),"Vadodara") -> Vadodara | H20: =IFERROR(__xludf.DUMMYFUNCTION("""COMPUTED_VALUE"""),"India") -> India | I20: =IFERROR(__xludf.DUMMYFUNCTION("""COMPUTED_VALUE"""),"India") -> India | J20: =IFERROR(__xludf.DUMMYFUNCTION("""COMPUTED_VALUE"""),"Service") -> Service | K20: =IFERROR(__xludf.DUMMYFUNCTION("""COMPUTED_VALUE"""),"Manufacturing") -> Manufacturing | L20: =IFERROR(__xludf.DUMMYFUNCTION("""COMPUTED_VALUE"""),"Manufacturing") -> Manufacturing | N20: =IFERROR(__xludf.DUMMYFUNCTION("""COMPUTED_VALUE"""),"Event/Expo") -> Event/Expo | O20: =IFERROR(__xludf.DUMMYFUNCTION("""COMPUTED_VALUE"""),"Aastha") -> Aastha | P20: =IFERROR(__xludf.DUMMYFUNCTION("""COMPUTED_VALUE"""),"Cold") -> Cold | Q20: =IFERROR(__xludf.DUMMYFUNCTION("""COMPUTED_VALUE"""),"New") -> New | R20: =IFERROR(__xludf.DUMMYFUNCTION("""COMPUTED_VALUE"""),"Not Started") -> Not Started | U20: =IFERROR(__xludf.DUMMYFUNCTION("""COMPUTED_VALUE"""),"Not Scheduled") -> Not Scheduled | AA20: =IFERROR(__xludf.DUMMYFUNCTION("""COMPUTED_VALUE"""),0.0) -> 0
A21: =IFERROR(__xludf.DUMMYFUNCTION("""COMPUTED_VALUE"""),67.0) -> 67 | B21: =IFERROR(__xludf.DUMMYFUNCTION("""COMPUTED_VALUE"""),46267.0) -> 46267 | C21: =IFERROR(__xludf.DUMMYFUNCTION("""COMPUTED_VALUE"""),"Notion Electronics Pvt. Ltd.") -> Notion Electronics Pvt. Ltd. | D21: =IFERROR(__xludf.DUMMYFUNCTION("""COMPUTED_VALUE"""),"Pooja Bhavsar") -> Pooja Bhavsar | E21: =IFERROR(__xludf.DUMMYFUNCTION("""COMPUTED_VALUE"""),"9512711349; 9824679970; 9727679970; 9825879970") -> 9512711349; 9824679970; 9727679970; 9825879970 | F21: =IFERROR(__xludf.DUMMYFUNCTION("""COMPUTED_VALUE"""),"sales@notionelectronics.com") -> sales@notionelectronics.com | G21: =IFERROR(__xludf.DUMMYFUNCTION("""COMPUTED_VALUE"""),"Ahmedabad") -> Ahmedabad | H21: =IFERROR(__xludf.DUMMYFUNCTION("""COMPUTED_VALUE"""),"India") -> India | I21: =IFERROR(__xludf.DUMMYFUNCTION("""COMPUTED_VALUE"""),"India") -> India | J21: =IFERROR(__xludf.DUMMYFUNCTION("""COMPUTED_VALUE"""),"Service") -> Service | K21: =IFERROR(__xludf.DUMMYFUNCTION("""COMPUTED_VALUE"""),"Manufacturing") -> Manufacturing | L21: =IFERROR(__xludf.DUMMYFUNCTION("""COMPUTED_VALUE"""),"Manufacturing") -> Manufacturing | N21: =IFERROR(__xludf.DUMMYFUNCTION("""COMPUTED_VALUE"""),"Event/Expo") -> Event/Expo | O21: =IFERROR(__xludf.DUMMYFUNCTION("""COMPUTED_VALUE"""),"Aastha") -> Aastha | P21: =IFERROR(__xludf.DUMMYFUNCTION("""COMPUTED_VALUE"""),"Cold") -> Cold | Q21: =IFERROR(__xludf.DUMMYFUNCTION("""COMPUTED_VALUE"""),"New") -> New | R21: =IFERROR(__xludf.DUMMYFUNCTION("""COMPUTED_VALUE"""),"Not Started") -> Not Started | U21: =IFERROR(__xludf.DUMMYFUNCTION("""COMPUTED_VALUE"""),"Not Scheduled") -> Not Scheduled | AA21: =IFERROR(__xludf.DUMMYFUNCTION("""COMPUTED_VALUE"""),0.0) -> 0
A22: =IFERROR(__xludf.DUMMYFUNCTION("""COMPUTED_VALUE"""),68.0) -> 68 | B22: =IFERROR(__xludf.DUMMYFUNCTION("""COMPUTED_VALUE"""),46267.0) -> 46267 | C22: =IFERROR(__xludf.DUMMYFUNCTION("""COMPUTED_VALUE"""),"MPRS Group of Companies") -> MPRS Group of Companies | D22: =IFERROR(__xludf.DUMMYFUNCTION("""COMPUTED_VALUE"""),"Sapan Shah (Branch Manager)") -> Sapan Shah (Branch Manager) | E22: =IFERROR(__xludf.DUMMYFUNCTION("""COMPUTED_VALUE"""),"9892365844") -> 9892365844 | F22: =IFERROR(__xludf.DUMMYFUNCTION("""COMPUTED_VALUE"""),"sapan.shah@mprshipping.com") -> sapan.shah@mprshipping.com | G22: =IFERROR(__xludf.DUMMYFUNCTION("""COMPUTED_VALUE"""),"Ahmedabad / Mumbai") -> Ahmedabad / Mumbai | H22: =IFERROR(__xludf.DUMMYFUNCTION("""COMPUTED_VALUE"""),"India") -> India | I22: =IFERROR(__xludf.DUMMYFUNCTION("""COMPUTED_VALUE"""),"India") -> India | J22: =IFERROR(__xludf.DUMMYFUNCTION("""COMPUTED_VALUE"""),"Service") -> Service | K22: =IFERROR(__xludf.DUMMYFUNCTION("""COMPUTED_VALUE"""),"Manufacturing") -> Manufacturing | L22: =IFERROR(__xludf.DUMMYFUNCTION("""COMPUTED_VALUE"""),"Manufacturing") -> Manufacturing | N22: =IFERROR(__xludf.DUMMYFUNCTION("""COMPUTED_VALUE"""),"Event/Expo") -> Event/Expo | O22: =IFERROR(__xludf.DUMMYFUNCTION("""COMPUTED_VALUE"""),"Aastha") -> Aastha | P22: =IFERROR(__xludf.DUMMYFUNCTION("""COMPUTED_VALUE"""),"Cold") -> Cold | Q22: =IFERROR(__xludf.DUMMYFUNCTION("""COMPUTED_VALUE"""),"New") -> New | R22: =IFERROR(__xludf.DUMMYFUNCTION("""COMPUTED_VALUE"""),"Not Started") -> Not Started | U22: =IFERROR(__xludf.DUMMYFUNCTION("""COMPUTED_VALUE"""),"Not Scheduled") -> Not Scheduled | AA22: =IFERROR(__xludf.DUMMYFUNCTION("""COMPUTED_VALUE"""),0.0) -> 0
A23: =IFERROR(__xludf.DUMMYFUNCTION("""COMPUTED_VALUE"""),70.0) -> 70 | B23: =IFERROR(__xludf.DUMMYFUNCTION("""COMPUTED_VALUE"""),46267.0) -> 46267 | C23: =IFERROR(__xludf.DUMMYFUNCTION("""COMPUTED_VALUE"""),"United Nutritions") -> United Nutritions | D23: =IFERROR(__xludf.DUMMYFUNCTION("""COMPUTED_VALUE"""),"Mr. Jainal Kothari (BDE)") -> Mr. Jainal Kothari (BDE) | E23: =IFERROR(__xludf.DUMMYFUNCTION("""COMPUTED_VALUE"""),"635280748") -> 635280748 | F23: =IFERROR(__xludf.DUMMYFUNCTION("""COMPUTED_VALUE"""),"sales.unitednutri@gmail.com") -> sales.unitednutri@gmail.com | G23: =IFERROR(__xludf.DUMMYFUNCTION("""COMPUTED_VALUE"""),"Vadodara") -> Vadodara | H23: =IFERROR(__xludf.DUMMYFUNCTION("""COMPUTED_VALUE"""),"India") -> India | I23: =IFERROR(__xludf.DUMMYFUNCTION("""COMPUTED_VALUE"""),"India") -> India | J23: =IFERROR(__xludf.DUMMYFUNCTION("""COMPUTED_VALUE"""),"Service") -> Service | K23: =IFERROR(__xludf.DUMMYFUNCTION("""COMPUTED_VALUE"""),"Manufacturing") -> Manufacturing | L23: =IFERROR(__xludf.DUMMYFUNCTION("""COMPUTED_VALUE"""),"Manufacturing") -> Manufacturing | N23: =IFERROR(__xludf.DUMMYFUNCTION("""COMPUTED_VALUE"""),"Event/Expo") -> Event/Expo | O23: =IFERROR(__xludf.DUMMYFUNCTION("""COMPUTED_VALUE"""),"Aastha") -> Aastha | P23: =IFERROR(__xludf.DUMMYFUNCTION("""COMPUTED_VALUE"""),"Cold") -> Cold | Q23: =IFERROR(__xludf.DUMMYFUNCTION("""COMPUTED_VALUE"""),"New") -> New | R23: =IFERROR(__xludf.DUMMYFUNCTION("""COMPUTED_VALUE"""),"Not Started") -> Not Started | U23: =IFERROR(__xludf.DUMMYFUNCTION("""COMPUTED_VALUE"""),"Not Scheduled") -> Not Scheduled | AA23: =IFERROR(__xludf.DUMMYFUNCTION("""COMPUTED_VALUE"""),0.0) -> 0
A24: =IFERROR(__xludf.DUMMYFUNCTION("""COMPUTED_VALUE"""),71.0) -> 71 | B24: =IFERROR(__xludf.DUMMYFUNCTION("""COMPUTED_VALUE"""),46267.0) -> 46267 | C24: =IFERROR(__xludf.DUMMYFUNCTION("""COMPUTED_VALUE"""),"Paramount Corporation Inc") -> Paramount Corporation Inc | D24: =IFERROR(__xludf.DUMMYFUNCTION("""COMPUTED_VALUE"""),"Payal Panchal (Manager)") -> Payal Panchal (Manager) | E24: =IFERROR(__xludf.DUMMYFUNCTION("""COMPUTED_VALUE"""),"9965038038") -> 9965038038 | F24: =IFERROR(__xludf.DUMMYFUNCTION("""COMPUTED_VALUE"""),"mail@paramountcorp.co.in") -> mail@paramountcorp.co.in | G24: =IFERROR(__xludf.DUMMYFUNCTION("""COMPUTED_VALUE"""),"Ahmedabad / Mumbai") -> Ahmedabad / Mumbai | H24: =IFERROR(__xludf.DUMMYFUNCTION("""COMPUTED_VALUE"""),"India") -> India | I24: =IFERROR(__xludf.DUMMYFUNCTION("""COMPUTED_VALUE"""),"India") -> India | J24: =IFERROR(__xludf.DUMMYFUNCTION("""COMPUTED_VALUE"""),"Service") -> Service | K24: =IFERROR(__xludf.DUMMYFUNCTION("""COMPUTED_VALUE"""),"Manufacturing") -> Manufacturing | L24: =IFERROR(__xludf.DUMMYFUNCTION("""COMPUTED_VALUE"""),"Manufacturing") -> Manufacturing | N24: =IFERROR(__xludf.DUMMYFUNCTION("""COMPUTED_VALUE"""),"Event/Expo") -> Event/Expo | O24: =IFERROR(__xludf.DUMMYFUNCTION("""COMPUTED_VALUE"""),"Aastha") -> Aastha | P24: =IFERROR(__xludf.DUMMYFUNCTION("""COMPUTED_VALUE"""),"Cold") -> Cold | Q24: =IFERROR(__xludf.DUMMYFUNCTION("""COMPUTED_VALUE"""),"New") -> New | R24: =IFERROR(__xludf.DUMMYFUNCTION("""COMPUTED_VALUE"""),"Not Started") -> Not Started | U24: =IFERROR(__xludf.DUMMYFUNCTION("""COMPUTED_VALUE"""),"Not Scheduled") -> Not Scheduled | AA24: =IFERROR(__xludf.DUMMYFUNCTION("""COMPUTED_VALUE"""),0.0) -> 0
A25: =IFERROR(__xludf.DUMMYFUNCTION("""COMPUTED_VALUE"""),73.0) -> 73 | B25: =IFERROR(__xludf.DUMMYFUNCTION("""COMPUTED_VALUE"""),46267.0) -> 46267 | C25: =IFERROR(__xludf.DUMMYFUNCTION("""COMPUTED_VALUE"""),"MSC NUTRA") -> MSC NUTRA | D25: =IFERROR(__xludf.DUMMYFUNCTION("""COMPUTED_VALUE"""),"Chandana K B (Sales and Marketing Executive)") -> Chandana K B (Sales and Marketing Executive) | E25: =IFERROR(__xludf.DUMMYFUNCTION("""COMPUTED_VALUE"""),"9513681010") -> 9513681010 | F25: =IFERROR(__xludf.DUMMYFUNCTION("""COMPUTED_VALUE"""),"business@mscchemicals.co.in") -> business@mscchemicals.co.in | G25: =IFERROR(__xludf.DUMMYFUNCTION("""COMPUTED_VALUE"""),"Bengaluru / Mumbai") -> Bengaluru / Mumbai | H25: =IFERROR(__xludf.DUMMYFUNCTION("""COMPUTED_VALUE"""),"India") -> India | I25: =IFERROR(__xludf.DUMMYFUNCTION("""COMPUTED_VALUE"""),"India") -> India | J25: =IFERROR(__xludf.DUMMYFUNCTION("""COMPUTED_VALUE"""),"Service") -> Service | K25: =IFERROR(__xludf.DUMMYFUNCTION("""COMPUTED_VALUE"""),"Manufacturing") -> Manufacturing | L25: =IFERROR(__xludf.DUMMYFUNCTION("""COMPUTED_VALUE"""),"Manufacturing") -> Manufacturing | N25: =IFERROR(__xludf.DUMMYFUNCTION("""COMPUTED_VALUE"""),"Event/Expo") -> Event/Expo | O25: =IFERROR(__xludf.DUMMYFUNCTION("""COMPUTED_VALUE"""),"Aastha") -> Aastha | P25: =IFERROR(__xludf.DUMMYFUNCTION("""COMPUTED_VALUE"""),"Cold") -> Cold | Q25: =IFERROR(__xludf.DUMMYFUNCTION("""COMPUTED_VALUE"""),"New") -> New | R25: =IFERROR(__xludf.DUMMYFUNCTION("""COMPUTED_VALUE"""),"Not Started") -> Not Started | U25: =IFERROR(__xludf.DUMMYFUNCTION("""COMPUTED_VALUE"""),"Not Scheduled") -> Not Scheduled | AA25: =IFERROR(__xludf.DUMMYFUNCTION("""COMPUTED_VALUE"""),0.0) -> 0
A26: =IFERROR(__xludf.DUMMYFUNCTION("""COMPUTED_VALUE"""),79.0) -> 79 | B26: =IFERROR(__xludf.DUMMYFUNCTION("""COMPUTED_VALUE"""),46267.0) -> 46267 | C26: =IFERROR(__xludf.DUMMYFUNCTION("""COMPUTED_VALUE"""),"Mint Packaging") -> Mint Packaging | D26: =IFERROR(__xludf.DUMMYFUNCTION("""COMPUTED_VALUE"""),"Gaurav Agrawal / Pratik Agrawal") -> Gaurav Agrawal / Pratik Agrawal | E26: =IFERROR(__xludf.DUMMYFUNCTION("""COMPUTED_VALUE"""),"9099965517; 9687628803") -> 9099965517; 9687628803 | F26: =IFERROR(__xludf.DUMMYFUNCTION("""COMPUTED_VALUE"""),"gaurav@mintp.in") -> gaurav@mintp.in | G26: =IFERROR(__xludf.DUMMYFUNCTION("""COMPUTED_VALUE"""),"Moraiya, Ahmedabad") -> Moraiya, Ahmedabad | H26: =IFERROR(__xludf.DUMMYFUNCTION("""COMPUTED_VALUE"""),"India") -> India | I26: =IFERROR(__xludf.DUMMYFUNCTION("""COMPUTED_VALUE"""),"India") -> India | J26: =IFERROR(__xludf.DUMMYFUNCTION("""COMPUTED_VALUE"""),"Service") -> Service | K26: =IFERROR(__xludf.DUMMYFUNCTION("""COMPUTED_VALUE"""),"Manufacturing") -> Manufacturing | L26: =IFERROR(__xludf.DUMMYFUNCTION("""COMPUTED_VALUE"""),"Manufacturing") -> Manufacturing | N26: =IFERROR(__xludf.DUMMYFUNCTION("""COMPUTED_VALUE"""),"Event/Expo") -> Event/Expo | O26: =IFERROR(__xludf.DUMMYFUNCTION("""COMPUTED_VALUE"""),"Aastha") -> Aastha | P26: =IFERROR(__xludf.DUMMYFUNCTION("""COMPUTED_VALUE"""),"Hot") -> Hot | Q26: =IFERROR(__xludf.DUMMYFUNCTION("""COMPUTED_VALUE"""),"Contacted") -> Contacted | R26: =IFERROR(__xludf.DUMMYFUNCTION("""COMPUTED_VALUE"""),"Not Started") -> Not Started | U26: =IFERROR(__xludf.DUMMYFUNCTION("""COMPUTED_VALUE"""),"Not Scheduled") -> Not Scheduled | AA26: =IFERROR(__xludf.DUMMYFUNCTION("""COMPUTED_VALUE"""),0.0) -> 0
A27: =IFERROR(__xludf.DUMMYFUNCTION("""COMPUTED_VALUE"""),80.0) -> 80 | B27: =IFERROR(__xludf.DUMMYFUNCTION("""COMPUTED_VALUE"""),46267.0) -> 46267 | C27: =IFERROR(__xludf.DUMMYFUNCTION("""COMPUTED_VALUE"""),"Prem Green Private Limited") -> Prem Green Private Limited | D27: =IFERROR(__xludf.DUMMYFUNCTION("""COMPUTED_VALUE"""),"Ashwin Patel (Deputy General Manager, R & D)") -> Ashwin Patel (Deputy General Manager, R & D) | E27: =IFERROR(__xludf.DUMMYFUNCTION("""COMPUTED_VALUE"""),"7374007777; 9509288840") -> 7374007777; 9509288840 | F27: =IFERROR(__xludf.DUMMYFUNCTION("""COMPUTED_VALUE"""),"ashwin.patel@premgreen.com") -> ashwin.patel@premgreen.com | G27: =IFERROR(__xludf.DUMMYFUNCTION("""COMPUTED_VALUE"""),"Gandhinagar") -> Gandhinagar | H27: =IFERROR(__xludf.DUMMYFUNCTION("""COMPUTED_VALUE"""),"India") -> India | I27: =IFERROR(__xludf.DUMMYFUNCTION("""COMPUTED_VALUE"""),"India") -> India | J27: =IFERROR(__xludf.DUMMYFUNCTION("""COMPUTED_VALUE"""),"Service") -> Service | K27: =IFERROR(__xludf.DUMMYFUNCTION("""COMPUTED_VALUE"""),"Manufacturing") -> Manufacturing | L27: =IFERROR(__xludf.DUMMYFUNCTION("""COMPUTED_VALUE"""),"Manufacturing") -> Manufacturing | N27: =IFERROR(__xludf.DUMMYFUNCTION("""COMPUTED_VALUE"""),"Event/Expo") -> Event/Expo | O27: =IFERROR(__xludf.DUMMYFUNCTION("""COMPUTED_VALUE"""),"Aastha") -> Aastha | P27: =IFERROR(__xludf.DUMMYFUNCTION("""COMPUTED_VALUE"""),"Hot") -> Hot | Q27: =IFERROR(__xludf.DUMMYFUNCTION("""COMPUTED_VALUE"""),"Qualified") -> Qualified | R27: =IFERROR(__xludf.DUMMYFUNCTION("""COMPUTED_VALUE"""),"Not Started") -> Not Started | U27: =IFERROR(__xludf.DUMMYFUNCTION("""COMPUTED_VALUE"""),"Not Scheduled") -> Not Scheduled | AA27: =IFERROR(__xludf.DUMMYFUNCTION("""COMPUTED_VALUE"""),0.0) -> 0
A28: =IFERROR(__xludf.DUMMYFUNCTION("""COMPUTED_VALUE"""),92.0) -> 92 | B28: =IFERROR(__xludf.DUMMYFUNCTION("""COMPUTED_VALUE"""),46267.0) -> 46267 | C28: =IFERROR(__xludf.DUMMYFUNCTION("""COMPUTED_VALUE"""),"Adventure Chemicals Suppliers") -> Adventure Chemicals Suppliers | E28: =IFERROR(__xludf.DUMMYFUNCTION("""COMPUTED_VALUE"""),"9979862649") -> 9979862649 | F28: =IFERROR(__xludf.DUMMYFUNCTION("""COMPUTED_VALUE"""),"adventure@adventureoverseas.com") -> adventure@adventureoverseas.com | G28: =IFERROR(__xludf.DUMMYFUNCTION("""COMPUTED_VALUE"""),"Ahmedabad") -> Ahmedabad | H28: =IFERROR(__xludf.DUMMYFUNCTION("""COMPUTED_VALUE"""),"India") -> India | I28: =IFERROR(__xludf.DUMMYFUNCTION("""COMPUTED_VALUE"""),"India") -> India | J28: =IFERROR(__xludf.DUMMYFUNCTION("""COMPUTED_VALUE"""),"Service") -> Service | K28: =IFERROR(__xludf.DUMMYFUNCTION("""COMPUTED_VALUE"""),"Manufacturing") -> Manufacturing | L28: =IFERROR(__xludf.DUMMYFUNCTION("""COMPUTED_VALUE"""),"Manufacturing") -> Manufacturing | N28: =IFERROR(__xludf.DUMMYFUNCTION("""COMPUTED_VALUE"""),"Event/Expo") -> Event/Expo | O28: =IFERROR(__xludf.DUMMYFUNCTION("""COMPUTED_VALUE"""),"Aastha") -> Aastha | P28: =IFERROR(__xludf.DUMMYFUNCTION("""COMPUTED_VALUE"""),"Cold") -> Cold | Q28: =IFERROR(__xludf.DUMMYFUNCTION("""COMPUTED_VALUE"""),"New") -> New | R28: =IFERROR(__xludf.DUMMYFUNCTION("""COMPUTED_VALUE"""),"Not Started") -> Not Started | U28: =IFERROR(__xludf.DUMMYFUNCTION("""COMPUTED_VALUE"""),"Not Scheduled") -> Not Scheduled | AA28: =IFERROR(__xludf.DUMMYFUNCTION("""COMPUTED_VALUE"""),0.0) -> 0
A29: =IFERROR(__xludf.DUMMYFUNCTION("""COMPUTED_VALUE"""),114.0) -> 114 | B29: =IFERROR(__xludf.DUMMYFUNCTION("""COMPUTED_VALUE"""),46272.0) -> 46272 | C29: =IFERROR(__xludf.DUMMYFUNCTION("""COMPUTED_VALUE"""),"Wee") -> Wee | D29: =IFERROR(__xludf.DUMMYFUNCTION("""COMPUTED_VALUE"""),"Anton Sizemin") -> Anton Sizemin | E29: =IFERROR(__xludf.DUMMYFUNCTION("""COMPUTED_VALUE"""),"7 917 567 74 13") -> 7 917 567 74 13 | F29: =IFERROR(__xludf.DUMMYFUNCTION("""COMPUTED_VALUE"""),"anton.sizemin@gmail.com") -> anton.sizemin@gmail.com | G29: =IFERROR(__xludf.DUMMYFUNCTION("""COMPUTED_VALUE"""),"UAE") -> UAE | H29: =IFERROR(__xludf.DUMMYFUNCTION("""COMPUTED_VALUE"""),"Dubai") -> Dubai | I29: =IFERROR(__xludf.DUMMYFUNCTION("""COMPUTED_VALUE"""),"Foreign") -> Foreign | J29: =IFERROR(__xludf.DUMMYFUNCTION("""COMPUTED_VALUE"""),"Service") -> Service | K29: =IFERROR(__xludf.DUMMYFUNCTION("""COMPUTED_VALUE"""),"Manufacturing") -> Manufacturing | L29: =IFERROR(__xludf.DUMMYFUNCTION("""COMPUTED_VALUE"""),"Manufacturing") -> Manufacturing | N29: =IFERROR(__xludf.DUMMYFUNCTION("""COMPUTED_VALUE"""),"Cold Outreach") -> Cold Outreach | O29: =IFERROR(__xludf.DUMMYFUNCTION("""COMPUTED_VALUE"""),"Aastha") -> Aastha | U29: =IFERROR(__xludf.DUMMYFUNCTION("""COMPUTED_VALUE"""),"Not Scheduled") -> Not Scheduled | AA29: =IFERROR(__xludf.DUMMYFUNCTION("""COMPUTED_VALUE"""),0.0) -> 0
A30: =IFERROR(__xludf.DUMMYFUNCTION("""COMPUTED_VALUE"""),125.0) -> 125 | B30: =IFERROR(__xludf.DUMMYFUNCTION("""COMPUTED_VALUE"""),46274.0) -> 46274 | C30: =IFERROR(__xludf.DUMMYFUNCTION("""COMPUTED_VALUE"""),"Dynamic Cables Limited") -> Dynamic Cables Limited | D30: =IFERROR(__xludf.DUMMYFUNCTION("""COMPUTED_VALUE"""),"Ashok Sharma") -> Ashok Sharma | E30: =IFERROR(__xludf.DUMMYFUNCTION("""COMPUTED_VALUE"""),"9887394888") -> 9887394888 | F30: =IFERROR(__xludf.DUMMYFUNCTION("""COMPUTED_VALUE""")," gm.delhi@dynamiccables.co.in") -> gm.delhi@dynamiccables.co.in | G30: =IFERROR(__xludf.DUMMYFUNCTION("""COMPUTED_VALUE"""),"Ahmedabad") -> Ahmedabad | H30: =IFERROR(__xludf.DUMMYFUNCTION("""COMPUTED_VALUE"""),"India") -> India | I30: =IFERROR(__xludf.DUMMYFUNCTION("""COMPUTED_VALUE"""),"India") -> India | J30: =IFERROR(__xludf.DUMMYFUNCTION("""COMPUTED_VALUE"""),"Service") -> Service | K30: =IFERROR(__xludf.DUMMYFUNCTION("""COMPUTED_VALUE"""),"Manufacturing") -> Manufacturing | L30: =IFERROR(__xludf.DUMMYFUNCTION("""COMPUTED_VALUE"""),"Manufacturing") -> Manufacturing | N30: =IFERROR(__xludf.DUMMYFUNCTION("""COMPUTED_VALUE"""),"Cold Outreach") -> Cold Outreach | O30: =IFERROR(__xludf.DUMMYFUNCTION("""COMPUTED_VALUE"""),"Aastha") -> Aastha | U30: =IFERROR(__xludf.DUMMYFUNCTION("""COMPUTED_VALUE"""),"Not Scheduled") -> Not Scheduled | AA30: =IFERROR(__xludf.DUMMYFUNCTION("""COMPUTED_VALUE"""),0.0) -> 0
